-- phpMyAdmin SQL Dump
-- version 4.5.4.1deb2ubuntu2
-- http://www.phpmyadmin.net
--
-- Host: localhost
-- Generation Time: Aug 31, 2017 at 02:19 PM
-- Server version: 5.7.15-0ubuntu0.16.04.1
-- PHP Version: 7.0.15-0ubuntu0.16.04.1

SET SQL_MODE = "NO_AUTO_VALUE_ON_ZERO";
SET time_zone = "+00:00";


/*!40101 SET @OLD_CHARACTER_SET_CLIENT=@@CHARACTER_SET_CLIENT */;
/*!40101 SET @OLD_CHARACTER_SET_RESULTS=@@CHARACTER_SET_RESULTS */;
/*!40101 SET @OLD_COLLATION_CONNECTION=@@COLLATION_CONNECTION */;
/*!40101 SET NAMES utf8mb4 */;

--
-- Database: `rentguru24_develop`
--

-- --------------------------------------------------------

--
-- Table structure for table `activation`
--

CREATE TABLE `activation` (
  `id` int(11) NOT NULL,
  `app_login_credential_id` int(11) NOT NULL,
  `code` varchar(500) NOT NULL,
  `expire_date` date NOT NULL,
  `created_date` timestamp NOT NULL DEFAULT CURRENT_TIMESTAMP ON UPDATE CURRENT_TIMESTAMP
) ENGINE=InnoDB DEFAULT CHARSET=latin1;

-- --------------------------------------------------------

--
-- Table structure for table `admin_cms_page`
--

CREATE TABLE `admin_cms_page` (
  `id` int(11) NOT NULL,
  `page_key` varchar(100) NOT NULL,
  `page_name` varchar(100) NOT NULL,
  `page_content` text NOT NULL,
  `sorted_order` int(3) NOT NULL,
  `created_date` timestamp NOT NULL DEFAULT CURRENT_TIMESTAMP ON UPDATE CURRENT_TIMESTAMP
) ENGINE=InnoDB DEFAULT CHARSET=latin1;

--
-- Dumping data for table `admin_cms_page`
--

INSERT INTO `admin_cms_page` (`id`, `page_key`, `page_name`, `page_content`, `sorted_order`, `created_date`) VALUES
(8, 'privacypolicy', 'Privacy Policy', '<p><strong>Privacy Policy Agreement</strong></p>\n\n<p><strong>This Privacy Policy applies to rentguru24.com</strong></p>\n\n<p>www.rentguru24.com in recognises the importance of maintaining your privacy. We value your privacy and appreciate your trust in us. This Policy describes how we treat user information we collect on&nbsp;www.rentguru24.com&nbsp;and other offline sources. This Privacy Policy applies to current and former visitors to our website and to our online customers. By visiting and/or using our website, you agree to this Privacy Policy.</p>\n\n<p><strong>Information We Collect</strong></p>\n\n<p>Contact information. We might collect your Name,Email,Phone,Address,IP Address.</p>\n\n<p>Demographic information. We may collect demographic information about you or any other information provided by your during the use of our website. We might collect this as a part of a survey also.</p>\n\n<p><strong>We Collect Information In Different Ways.</strong></p>\n\n<p>We collect information directly from you. We collect information directly from you when you contact us. We also collect information if you post a comment on our websites or ask us a question through phone or email.</p>\n\n<p><strong>Use Of Your Personal Information</strong></p>\n\n<p>We use information to respond to your requests or questions. We might use your information to confirm your registration for an event or contest.</p>\n\n<p>We use information to improve our products and services. We might use your information to customize your experience with us. This could include displaying content based upon your preferences.</p>\n\n<p>We use information to look at site trends and customer interests. We may use your information to make our website and products better. We may combine information we get from you with information about you we get from third parties.</p>\n\n<p>We use information as otherwise permitted by law.</p>\n\n<p><strong>Email Opt-Out</strong></p>\n\n<p>You can opt out of receiving our marketing emails. To stop receiving our promotional emails, It may take about ten days to process your request. Even if you opt out of getting marketing messages, we will still be sending you transactional messages through email and SMS about your purchases.</p>\n\n<p><strong>Grievance Officer</strong></p>\n\n<p>In accordance with Information Technology Act 2000 and rules made there under, the name and contact details of the Grievance Officer are provided below:</p>\n\n<p><strong>Updates To This Policy</strong></p>\n\n<p>This Privacy Policy was last updated on 1st March, 2016. From time to time we may change our privacy practices. We will notify you of any material changes to this policy as required by law. We will also post an updated copy on our website. Please check our site periodically for updates.</p>\n\n<p><strong>Jurisdiction</strong></p>\n\n<p>If you choose to visit the website, your visit and any dispute over privacy is subject to this Policy and the website&#39;s terms of use. In addition to the foregoing, any disputes arising under this Policy shall be governed by the laws of &nbsp;</p>\n\n<p>&nbsp;</p>\n', 1, '2016-09-09 09:51:41'),
(9, 'termsandcondition', 'Terms  condition', '<p>Terms of Service</p>\n\n<p>This Agreement describes the terms and conditions applicable to user of the &nbsp;rentguru24.com web site, which features tools for trading and communicating in a global business-to-business e-market (the &quot;Service&quot;).</p>\n\n<p>Please read this agreement carefully!</p>\n\n<p>The following describes the Terms and Conditions on which &nbsp;rentguru24.com offers you to access the service.</p>\n\n<p>Acceptance of Terms</p>\n\n<p>By accessing our web site past the home page, you agree that you have entered into this Agreement with &nbsp;rentguru24.com and that you will be bound by the terms and conditions hereof (&quot;Terms&quot;), which &nbsp;rentguru24.com in its discretion may change from time to time. We will post a notice on our web site to inform you of any changes to the Terms. If you do not agree to the changes, you must discontinue using the Service. The changed terms shall automatically be effective immediately after they are initially posted on the homepage as well at Rental / Lease Product offered at our site. Your continuous use of the Service will signify your acceptance of the changed Terms. Unless explicitly stated otherwise, any new features that augment or enhance the Service shall be subject to this Agreement. This Agreement may not be otherwise modified except in a writing signed by an authorized officer of &nbsp;rentguru24.com.</p>\n\n<p>Who Can Use &nbsp;rentguru24.com</p>\n\n<p>The Service is only available to individuals or companies who can form legally binding contracts under applicable law. Thus, you must be at least 18 years of age to use our services. If you do not qualify, please do not use the Service. &nbsp;rentguru24.com may, in its sole discretion, refuse the Service to anyone at any time.</p>\n\n<p>Fees</p>\n\n<p>Visiting for Lease / Rentals offered and this use of the Service is free! However charge fees for additional services asked by you during submitting order, you are responsible for paying all applicable taxes and duties and for all service and other costs you incur for Renting Product from &nbsp;rentguru24.com, procure a listing from us, or access our servers. We reserve the right to change or discontinue, temporarily or permanently, some or all of the Service at any time without notice; &nbsp;rentguru24.com cannot and will not be liable for any loss or damage arising from your failure to comply with steps shown at the time of using Rental services.</p>\n\n<p>Your Information and Items for Rentals</p>\n\n<p>&quot;Your Information&quot; includes any information other users during the Posting your Rental requirements, listing processes, in any public message area or through any email feature. With respect to Your Information, you are solely responsible for Your Information, and we act as a passive conduit for your online distribution and publication of Your Information. We may take any action, however, with respect to your information we deem necessary or appropriate in our sole discretion if we believe it may create liability for us or may cause us to lose (in whole or in part) the services.</p>\n\n<p>Registration Obligations</p>\n\n<p>If you Visit and submit your Rental requirement with us, you agree to:</p>\n\n<ul>\n	<li>Provide true, accurate, current and complete information about yourself or company as prompted by the User/Order form at &nbsp;rentguru24.com, and</li>\n	<li>In case your provided information is untrue, inaccurate, not current or incomplete, &nbsp;rentguru24.com has reasonable grounds to suspect that such information is untrue, inaccurate, not current or incomplete. &nbsp;rentguru24.com has the right to suspend or terminate your order and refuse the current or future use of the Service</li>\n	<li>&nbsp;If you have used our services on behalf of a company or other entity, than you represent and warrant that you have the authority to bind such company or other entity to the Terms.</li>\n</ul>\n\n<p>&nbsp;</p>\n\n<p>Security for transactions</p>\n\n<p>&nbsp;rentguru24.com is hosted in fully secure server and tie-up for payment gateways also done with secure servers/companies/Banks. Using the Credit Card/Debit Card transactions is fully secure at &nbsp;rentguru24.com. We ensure that &nbsp;rentguru24.com will not disclose the transaction details to any body unless otherwise ask by legal Authorities.</p>\n\n<p>Prohibited Items</p>\n\n<p>You may not post on our service or order through our site any: (a) any item that could cause us to violate any applicable law, status, ordinance or regulation, or (b) any item prohibited and incorporated herein by reference, which may be updated from time to time.</p>\n\n<p>Privacy</p>\n\n<p>&nbsp;rentguru24.com promise to all our customers that the submitted Individual/Company details in accordance with our Privacy Policy, The complete terms of our Privacy Statement are part of this Agreement so you should read it. Please note that when you voluntarily disclose Your Information in &nbsp;rentguru24.com posting areas, that information can be collected and used by others.</p>\n\n<p>Termination</p>\n\n<p>You agree that &nbsp;rentguru24.com, in its sole discretion, may terminate use of the Service, remove and discard Your Information within the Service, for any reason, including without limitation, if &nbsp;rentguru24.com believes that you have violated or acted inconsistently with the letter and spirit of the Agreement. &nbsp;rentguru24.com may also, in its sole discretion and at any time, discontinue providing the Service, or any part thereof, with or without notice. You agree that any termination of your access to the Service under any provision of this Agreement may be effected without prior notice, and acknowledge and agree that &nbsp;rentguru24.com may immediately deactivate or delete your account and all related information and files in your account and/or bar any further access to such files or the Service. Further, you agree that &nbsp;rentguru24.com shall not be liable to you or any third party for any termination of your access to the Service. Paragraphs 6, and 8 shall survive any termination of this Agreement</p>\n\n<p>What Happens if You Break the Rules?</p>\n\n<p>We may immediately issue a warning, temporarily suspend, indefinitely suspend your order, any of current products for rentals, and any other information you place on the site if you breach this Agreement or if we are unable to verify or authenticate any information you provide to us. Without limiting any other remedies, &nbsp;rentguru24.com may suspend if you are found (by conviction, settlement, insurance or escrow investigation, or otherwise) to have engaged in fraudulent activity in connection with our site.</p>\n\n<p>Limit&nbsp;of Liability</p>\n\n<p>You expressly understand and agree that &nbsp;rentguru24.com shall not be liable for any direct, indirect, incidental, special, consequential or exemplary damages, including, damages for loss of profits, goodwill, use, data or other intangible losses (even if &nbsp;rentguru24.com has been advised of the possibility of such damages), resulting from: (i) the use or the inability to use the service; (ii) the cost of procurement of substitute goods and services resulting from any goods, or services purchases or obtained or messages received or transactions entered into through or from the service; (iii) unauthorized access to or alteration of your transmissions or data; (iv) statements or conduct of any third party on the service; or (v) any other matter relating to the service.</p>\n\n<p>Indemnity</p>\n\n<p>You agree to indemnify and hold &nbsp;rentguru24.com and our subsidiaries, affiliates, officers, directors, agents, and employees, harmless from any claim or demand (including legal expenses and the expenses of other professionals) made by a third party due to or arising out of your breach of this Agreement or the documents it incorporates by reference, or your violation of any law or the rights of a third party.</p>\n\n<p>Compliance with Laws</p>\n\n<p>You shall comply with all applicable laws, statutes, ordinances and regulations regarding your use of the Service and, purchase, complying with Indian Laws Subject to Jurisdiction of Hyderabad Courts only.</p>\n\n<p>Notices</p>\n\n<p>Except as explicitly stated otherwise, any notices shall be given by email to the email address you provide to &nbsp;rentguru24.com during the order process (in your case), or such other address as the party shall specify. Notice shall be deemed given twenty-four (24) hours after email is sent, unless the sending party is notified that the email address is invalid. Alternatively, we may give you notice by certified mail, postage prepaid and return receipt requested, to the address provided to &nbsp;rentguru24.com during the registration process. In such case, notice shall be deemed given three (3) days after the date of mailing.</p>\n\n<p>Force Majeure</p>\n\n<p>&nbsp;rentguru24.com shall not be liable to you for delays or failures in performance resulting from causes beyond our reasonable control, including, but not limited to, acts of God, labor disputes or disturbances, material shortages or rationing, riots, acts of war, governmental regulations, communication or utility failures, or casualties.</p>\n\n<p>Assignment</p>\n\n<p>&nbsp;rentguru24.com may assign this Agreement without your consent.</p>\n\n<p>Miscellaneous</p>\n\n<p>The Agreement constitutes the entire Agreement between you and &nbsp;rentguru24.com and controls to use of the Service, superseding any prior written or oral Agreements between you and &nbsp;rentguru24.com. The Indian Laws without regard to its conflict of law provisions shall govern the Agreement in all respects. If any provision of this Agreement is held to be invalid or unenforceable, such provision shall be struck and the remaining provisions shall be enforced. Headings are for reference purposes only and in no way define, limit, construe or describe the scope or extent of such section. Our failure to act with respect to a breach by you or others does not waive our right to act with respect to subsequent or similar breaches.</p>\n\n<p>&nbsp;</p>\n', 2, '2016-09-09 09:52:41'),
(13, 'aboutus', 'about us', '<p><strong>About RentGuru24.com</strong></p>\n\n<p>We are on a Mission to help people in finding their next place where they can stay and live their life Happily.</p>\n', 3, '2016-09-09 11:26:09'),
(17, 'onlinesupport', 'online support', '<p>dfgfd</p>\n', 4, '2016-11-04 10:35:53');

-- --------------------------------------------------------

--
-- Table structure for table `admin_global_notification`
--

CREATE TABLE `admin_global_notification` (
  `id` int(11) NOT NULL,
  `template_id` int(11) NOT NULL,
  `details` text,
  `type` enum('dispute') NOT NULL,
  `rent_inf_id` int(11) DEFAULT NULL,
  `is_read` tinyint(1) NOT NULL,
  `read_by` int(11) DEFAULT NULL,
  `created_date` timestamp NOT NULL DEFAULT CURRENT_TIMESTAMP ON UPDATE CURRENT_TIMESTAMP
) ENGINE=InnoDB DEFAULT CHARSET=latin1;

--
-- Dumping data for table `admin_global_notification`
--

INSERT INTO `admin_global_notification` (`id`, `template_id`, `details`, `type`, `rent_inf_id`, `is_read`, `read_by`, `created_date`) VALUES
(4, 1, 'The product has been reported receive dispute', 'dispute', 52, 0, NULL, '2016-11-17 08:02:44'),
(5, 1, 'The product has been reported receive dispute', 'dispute', 55, 1, NULL, '2016-11-18 10:21:08'),
(6, 1, 'The product has been reported receive dispute', 'dispute', 56, 1, NULL, '2016-12-06 11:25:36');

-- --------------------------------------------------------

--
-- Table structure for table `admin_global_notification_template`
--

CREATE TABLE `admin_global_notification_template` (
  `id` int(11) NOT NULL,
  `type` enum('dispute') NOT NULL,
  `title` text NOT NULL,
  `template` text NOT NULL,
  `created_date` timestamp NOT NULL DEFAULT CURRENT_TIMESTAMP ON UPDATE CURRENT_TIMESTAMP
) ENGINE=InnoDB DEFAULT CHARSET=latin1;

--
-- Dumping data for table `admin_global_notification_template`
--

INSERT INTO `admin_global_notification_template` (`id`, `type`, `title`, `template`, `created_date`) VALUES
(1, 'dispute', 'Dispute receive', 'There is product receive dispute complain ', '2016-10-12 10:42:01');

-- --------------------------------------------------------

--
-- Table structure for table `admin_paypal_credential`
--

CREATE TABLE `admin_paypal_credential` (
  `id` int(11) NOT NULL,
  `api_key` varchar(500) NOT NULL,
  `api_secret` varchar(500) NOT NULL,
  `created_date` timestamp NOT NULL DEFAULT CURRENT_TIMESTAMP ON UPDATE CURRENT_TIMESTAMP
) ENGINE=InnoDB DEFAULT CHARSET=latin1;

--
-- Dumping data for table `admin_paypal_credential`
--

INSERT INTO `admin_paypal_credential` (`id`, `api_key`, `api_secret`, `created_date`) VALUES
(1, 'AWQr0Ls0qt0zRtXFvSBZ2k3zNgt-0ME5eI6qC8A9dTh2RHodYtDre5cJT7BNElg9mm3dZw6v9F-G-vyn', 'EAiElxCy_o6-h3VKR_iAGIwUVisEUInSXQwbdgRo-Fd8cKUujB2RH86LTXHwOzgUAAGY6Lbm0Nu3kV9q', '2016-09-21 11:47:06');

-- --------------------------------------------------------

--
-- Table structure for table `admin_site_fees`
--

CREATE TABLE `admin_site_fees` (
  `id` int(11) NOT NULL,
  `fixed` tinyint(1) NOT NULL,
  `percentage` tinyint(1) NOT NULL,
  `fixed_value` float(7,2) NOT NULL,
  `percentage_value` float(7,2) NOT NULL,
  `created_date` timestamp NOT NULL DEFAULT CURRENT_TIMESTAMP ON UPDATE CURRENT_TIMESTAMP
) ENGINE=InnoDB DEFAULT CHARSET=latin1;

--
-- Dumping data for table `admin_site_fees`
--

INSERT INTO `admin_site_fees` (`id`, `fixed`, `percentage`, `fixed_value`, `percentage_value`, `created_date`) VALUES
(1, 1, 0, 10.25, 5.25, '2016-08-29 09:03:26');

-- --------------------------------------------------------

--
-- Table structure for table `admin_unread_alert_count`
--

CREATE TABLE `admin_unread_alert_count` (
  `id` int(11) NOT NULL,
  `global_notification` int(11) NOT NULL
) ENGINE=InnoDB DEFAULT CHARSET=latin1;

--
-- Dumping data for table `admin_unread_alert_count`
--

INSERT INTO `admin_unread_alert_count` (`id`, `global_notification`) VALUES
(1, 1);

-- --------------------------------------------------------

--
-- Table structure for table `app_login_credential`
--

CREATE TABLE `app_login_credential` (
  `id` int(11) NOT NULL,
  `user_inf_id` int(11) NOT NULL,
  `role` int(11) NOT NULL,
  `email` varchar(500) NOT NULL,
  `password` varchar(500) NOT NULL,
  `accesstoken` varchar(500) NOT NULL,
  `varified` tinyint(1) NOT NULL,
  `email_confirmed` tinyint(1) NOT NULL DEFAULT '1',
  `blocked` tinyint(1) NOT NULL,
  `created_date` timestamp NOT NULL DEFAULT CURRENT_TIMESTAMP ON UPDATE CURRENT_TIMESTAMP
) ENGINE=InnoDB DEFAULT CHARSET=latin1;

--
-- Dumping data for table `app_login_credential`
--

INSERT INTO `app_login_credential` (`id`, `user_inf_id`, `role`, `email`, `password`, `accesstoken`, `varified`, `email_confirmed`, `blocked`, `created_date`) VALUES
(32, 33, -1, 'mousum@workspace.com', '$2a$10$ffbXEtKzwBUNcH3K01o9Z.a1iksYDTr72wNvgtmhlXDwLmwP5K7Vq', 'cb8176894ad9985c46a0d8ff98de39e4818e1cd6c5506da0b1a2ebcb3c510abe32', 1, 1, 0, '2016-11-08 07:22:52'),
(33, 34, -1, 'tomal@gmail.com', '$2a$10$z4aOz5eIWcEGHXivvl9SiOhibdqneT2n/NI41uQS2f1usTuSuAQ62', '5f08323684a25d460fbd4a574f64af96', 1, 1, 0, '2016-11-08 07:22:52'),
(34, 35, -1, 'developer@wsit.com', '$2a$10$z4aOz5eIWcEGHXivvl9SiOhibdqneT2n/NI41uQS2f1usTuSuAQ62', '84e2761bca190cb87d9e0306f27b6c82', 1, 1, 0, '2016-11-08 07:22:52'),
(35, 36, 1, 'admin@admin.com', '$2a$10$z4aOz5eIWcEGHXivvl9SiOhibdqneT2n/NI41uQS2f1usTuSuAQ62', '249c9ce7d5f5d39fdff257a27a5af972', 1, 1, 0, '2017-01-20 16:11:08'),
(36, 37, -1, 'mausum@gmail.com', '$2a$10$z4aOz5eIWcEGHXivvl9SiOhibdqneT2n/NI41uQS2f1usTuSuAQ62', 'f54f2b3b33936bd2d91a6ec219d62485', 1, 1, 0, '2016-11-08 07:22:52'),
(37, 38, -1, 'fayme@work.com', '$2a$10$z4aOz5eIWcEGHXivvl9SiOhibdqneT2n/NI41uQS2f1usTuSuAQ62', '85e7bc630a1f1259ce0b0c1e88366cd2', 1, 1, 0, '2016-11-08 07:22:52'),
(38, 39, -1, 'f@gmail.com', '$2a$10$z4aOz5eIWcEGHXivvl9SiOhibdqneT2n/NI41uQS2f1usTuSuAQ62', '34ac9072ee5000706b88e49c67d58af8', 1, 1, 0, '2016-11-08 07:22:52'),
(39, 40, -1, 'eula@yahoo.com', '$2a$10$z4aOz5eIWcEGHXivvl9SiOhibdqneT2n/NI41uQS2f1usTuSuAQ62', '0a3bc18fd5a3e9d45732c920a46998bc', 1, 1, 0, '2016-11-08 07:22:52'),
(40, 41, -1, 'eulaa@ymail.com', '$2a$10$z4aOz5eIWcEGHXivvl9SiOhibdqneT2n/NI41uQS2f1usTuSuAQ62', '2874a419e243c5af6c4a9b5e108e8017', 1, 1, 0, '2016-11-08 07:22:52'),
(41, 42, -1, 'email@gmail.com', '$2a$10$z4aOz5eIWcEGHXivvl9SiOhibdqneT2n/NI41uQS2f1usTuSuAQ62', 'd447ddc9b03de9e31dfcd1443c6692ca', 1, 1, 0, '2016-11-08 07:22:52'),
(42, 43, -1, 'zakariya@gmail.com', '$2a$10$z4aOz5eIWcEGHXivvl9SiOhibdqneT2n/NI41uQS2f1usTuSuAQ62', '9180ef539e81dd41a9cb8f284bfed7db', 1, 1, 0, '2016-11-08 07:22:52'),
(43, 44, -1, 'zakariyta@gmail.com', '$2a$10$z4aOz5eIWcEGHXivvl9SiOhibdqneT2n/NI41uQS2f1usTuSuAQ62', '4ac05bb60ace24c205aada687063cc72', 1, 1, 0, '2016-11-08 07:22:52'),
(44, 45, -1, 'zakarirya@gmail.com', '$2a$10$z4aOz5eIWcEGHXivvl9SiOhibdqneT2n/NI41uQS2f1usTuSuAQ62', '10a039f4d2f40ec96a2fe7f1e43162f2', 1, 1, 0, '2016-11-08 07:22:52'),
(45, 46, -1, 'rhea@yahoo.com', '$2a$10$z4aOz5eIWcEGHXivvl9SiOhibdqneT2n/NI41uQS2f1usTuSuAQ62', 'b9e28db78542db1d00bc68a71fd7de41', 1, 1, 0, '2016-11-08 07:22:52'),
(46, 47, -1, 'pagla@work.com', '$2a$10$z4aOz5eIWcEGHXivvl9SiOhibdqneT2n/NI41uQS2f1usTuSuAQ62', '02ec237a68603e44b89a57784be846f2', 1, 1, 0, '2016-11-08 07:22:52'),
(47, 48, -1, 'info@workspaceit.com', '$2a$10$z4aOz5eIWcEGHXivvl9SiOhibdqneT2n/NI41uQS2f1usTuSuAQ62', '6666c6b3a3b059da33ef69367e0e8d2f', 1, 1, 0, '2016-11-08 07:22:52'),
(48, 49, -1, 'kashif.khan@naseemgroup.com', '$2a$10$z4aOz5eIWcEGHXivvl9SiOhibdqneT2n/NI41uQS2f1usTuSuAQ62', 'd615ac46486165fba66febae0d762079', 1, 1, 0, '2016-11-08 07:22:52'),
(49, 50, -1, 'test@test.com', '$2a$10$z4aOz5eIWcEGHXivvl9SiOhibdqneT2n/NI41uQS2f1usTuSuAQ62', '6561ffc95a912ad19d3ffd48bb996ec2', 1, 1, 0, '2016-11-08 07:22:52'),
(50, 51, -1, 'upoma@yahoo.com', '$2a$10$z4aOz5eIWcEGHXivvl9SiOhibdqneT2n/NI41uQS2f1usTuSuAQ62', 'c190967fb26b896b0637dd18920e04a2', 1, 1, 0, '2016-11-08 07:22:52'),
(51, 52, -1, 'mili@yahoo.com', '$2a$10$z4aOz5eIWcEGHXivvl9SiOhibdqneT2n/NI41uQS2f1usTuSuAQ62', '05121e0f2bb242deed8da953026991c9', 1, 1, 0, '2016-11-08 07:22:52'),
(52, 53, -1, 'tommy@hill.com', '$2a$10$z4aOz5eIWcEGHXivvl9SiOhibdqneT2n/NI41uQS2f1usTuSuAQ62', '6c448fad77f0d3b23fe388d698ae259e', 1, 1, 0, '2016-11-08 07:22:52'),
(53, 54, -1, 'subha@yahoo.com', '$2a$10$z4aOz5eIWcEGHXivvl9SiOhibdqneT2n/NI41uQS2f1usTuSuAQ62', '129294facaa37ca6f38afed2216f73a0', 1, 1, 0, '2016-11-08 07:22:52'),
(54, 55, -1, 'dipa@yahoo.com', '$2a$10$z4aOz5eIWcEGHXivvl9SiOhibdqneT2n/NI41uQS2f1usTuSuAQ62', '7c1a7c4be7760c9644bb0e0d368cb74a', 1, 1, 0, '2016-11-08 07:22:52'),
(55, 56, -1, 'rafi@workspaceit1.com', '$2a$10$eeB2dYiYqbLSeLCGXiaDRevsnXlYAlYUpvYD2hFvESfFm0nlNdtVa', '7168f7dbbe136a8ed04bae5f22f9469ed8888ae4ed760d0e10f8e38c72705b9555', 1, 1, 0, '2017-01-20 16:09:42'),
(56, 57, -1, 'guhi@stexsy.com', '$2a$10$z4aOz5eIWcEGHXivvl9SiOhibdqneT2n/NI41uQS2f1usTuSuAQ62', 'c169cf0ab77dc496bd8eb092751617c8', 1, 1, 0, '2016-11-08 07:22:52'),
(57, 58, -1, 'marlyn@gmail.com', '$2a$10$z4aOz5eIWcEGHXivvl9SiOhibdqneT2n/NI41uQS2f1usTuSuAQ62', '0650fe8c8e0529b9259a3fea96fb0345', 1, 1, 0, '2016-11-08 07:22:52'),
(58, 59, -1, 'workspaceinfotech@gmail.com', '$2a$10$z4aOz5eIWcEGHXivvl9SiOhibdqneT2n/NI41uQS2f1usTuSuAQ62', '0579e8e002a2ee1a4df7c97cea3918f5', 1, 1, 0, '2016-11-08 07:22:52'),
(59, 60, -1, 'kinto_bhalo@yahoo.com', '$2a$10$z4aOz5eIWcEGHXivvl9SiOhibdqneT2n/NI41uQS2f1usTuSuAQ62', '32aad6ba685c137e26d2a60e09cdd2d4', 1, 1, 0, '2016-11-08 07:22:52'),
(60, 61, -1, 'app.developer.wsit@gmail.com', '$2a$10$z4aOz5eIWcEGHXivvl9SiOhibdqneT2n/NI41uQS2f1usTuSuAQ62', '4baf9926a14d681e982a2110f9f63181', 1, 1, 0, '2016-11-08 07:22:52'),
(61, 62, -1, 'rio@yahoo.com', '$2a$10$z4aOz5eIWcEGHXivvl9SiOhibdqneT2n/NI41uQS2f1usTuSuAQ62', 'fc5c8bb6e44622fd04121761f1678994', 1, 1, 0, '2016-11-08 07:22:52'),
(62, 63, -1, 'anika@gmail.com', '$2a$10$z4aOz5eIWcEGHXivvl9SiOhibdqneT2n/NI41uQS2f1usTuSuAQ62', '4866aaf4633bef0985947b8d900ae8d5', 1, 1, 0, '2016-11-08 07:22:52'),
(63, 64, -1, 'tahminaaiub@gmail.com', '$2a$10$z4aOz5eIWcEGHXivvl9SiOhibdqneT2n/NI41uQS2f1usTuSuAQ62', 'e926eed92ede032afb78427957f14158', 1, 1, 0, '2016-11-08 07:22:52'),
(64, 65, -1, 'mahmuda.anika@gmail.com', '$2a$10$z4aOz5eIWcEGHXivvl9SiOhibdqneT2n/NI41uQS2f1usTuSuAQ62', '8b1ec559d9f5d667eed23acaa2145a31', 1, 1, 0, '2016-11-08 07:22:52'),
(65, 66, -1, 'fayme.shahriar@gmail.com', '$2a$10$z4aOz5eIWcEGHXivvl9SiOhibdqneT2n/NI41uQS2f1usTuSuAQ62', '8dcc2e09c9b13a262075b6da9b9b685e', 1, 1, 0, '2016-11-08 07:22:52'),
(66, 67, 1, 'zakaria@zax.com', '$2a$10$z4aOz5eIWcEGHXivvl9SiOhibdqneT2n/NI41uQS2f1usTuSuAQ62', 'd9015ef1541fe8ab1558eea598630366', 1, 1, 0, '2017-01-20 16:12:25'),
(67, 68, -1, 'shaydulalam@Me.com', '$2a$10$e/0qXU.TWQ8FdVOPcdgpI.uiDzdhqY2lxKjVh4C4dENWNeKF4o/Im', '330c3b0659980758d9c9b19154768dbd729a9b7713d5484d3e0623d32c33227267', 1, 1, 0, '2016-11-08 07:22:52'),
(68, 69, -1, 'ovi@sidago.com', '$2a$10$z4aOz5eIWcEGHXivvl9SiOhibdqneT2n/NI41uQS2f1usTuSuAQ62', '62c3eca08006ebd82b2a942b4b0443e5', 1, 1, 0, '2016-11-08 07:22:52'),
(69, 70, 1, 'tahminaa.iub@gmail.com', '$2a$10$z4aOz5eIWcEGHXivvl9SiOhibdqneT2n/NI41uQS2f1usTuSuAQ62', 'dc90a9bc15ec216eb33d9306934e905c', 1, 1, 0, '2016-11-08 07:22:52'),
(70, 71, -1, 'papry@gmail.com', '$2a$10$z4aOz5eIWcEGHXivvl9SiOhibdqneT2n/NI41uQS2f1usTuSuAQ62', '5528dc3f1ba73526806b04b1c72cd1c5', 1, 1, 0, '2016-11-08 07:22:52'),
(71, 72, -1, 'helen@gmail.com', '$2a$10$z4aOz5eIWcEGHXivvl9SiOhibdqneT2n/NI41uQS2f1usTuSuAQ62', '08c4bd9ece0942e0f0f87d8d6d37c7a3', 1, 1, 0, '2016-11-08 07:22:52'),
(72, 73, -1, 'matinu@gmail.com', '$2a$10$z4aOz5eIWcEGHXivvl9SiOhibdqneT2n/NI41uQS2f1usTuSuAQ62', '4b3de3a8eaf8cfbe9f10de07120c61f9', 1, 1, 0, '2016-11-08 07:22:52'),
(73, 74, -1, 'nissobda@gmail.com', '$2a$10$z4aOz5eIWcEGHXivvl9SiOhibdqneT2n/NI41uQS2f1usTuSuAQ62', '278901105f644de03aab653fa700588b', 1, 1, 0, '2016-11-08 07:22:52'),
(74, 75, -1, 'cmehedi@polyfaust.com', '$2a$10$z4aOz5eIWcEGHXivvl9SiOhibdqneT2n/NI41uQS2f1usTuSuAQ62', '7984b92b8029344272564533742744fc', 1, 1, 0, '2016-11-08 07:22:52'),
(75, 76, -1, 'darkfirebd@gmail.com', '$2a$10$z4aOz5eIWcEGHXivvl9SiOhibdqneT2n/NI41uQS2f1usTuSuAQ62', '6d6d3c714e9a10259bb43b20e2a79355', 1, 1, 0, '2016-11-08 07:22:52'),
(77, 78, -1, 'Siloy@yahoo.com', '$2a$10$z4aOz5eIWcEGHXivvl9SiOhibdqneT2n/NI41uQS2f1usTuSuAQ62', '9d08e69adbe4ac198e5881f77936844e', 1, 1, 0, '2016-11-08 07:22:52'),
(78, 79, -1, 'tahminsqa@gmail.com', '$2a$10$z4aOz5eIWcEGHXivvl9SiOhibdqneT2n/NI41uQS2f1usTuSuAQ62', 'd6a3aa172cd2de4fbbf9bfdde0a8cfa4', 1, 1, 0, '2016-11-08 07:22:52'),
(80, 81, -1, 'test@test1.com', '$2a$10$z4aOz5eIWcEGHXivvl9SiOhibdqneT2n/NI41uQS2f1usTuSuAQ62', 'cac66600d6a75fb62566b44c2300432d', 1, 1, 0, '2016-11-08 07:22:52'),
(81, 82, -1, 'bill@yahoo.com', '$2a$10$z4aOz5eIWcEGHXivvl9SiOhibdqneT2n/NI41uQS2f1usTuSuAQ62', '84480229c6124d52d5698f44c618a8f7', 1, 1, 0, '2016-11-08 07:22:52'),
(82, 83, -1, 'tahminaakterah@gmail.com', '$2a$10$z4aOz5eIWcEGHXivvl9SiOhibdqneT2n/NI41uQS2f1usTuSuAQ62', 'fefa3af2065d4806dd65fad393daf85d', 1, 1, 0, '2016-12-27 06:21:53'),
(83, 84, -1, 'yami@yahoo.com', '$2a$10$z4aOz5eIWcEGHXivvl9SiOhibdqneT2n/NI41uQS2f1usTuSuAQ62', '15278c1bdbe652e6d09d248807773589', 1, 1, 0, '2016-11-08 07:22:52'),
(84, 85, -1, 'tomal@wsot.co', '$2a$10$z4aOz5eIWcEGHXivvl9SiOhibdqneT2n/NI41uQS2f1usTuSuAQ62', '04581fda04d97d0400cff8b101c13866', 1, 1, 0, '2016-11-08 07:22:52'),
(85, 86, -1, 'a@a.com', '$2a$10$z4aOz5eIWcEGHXivvl9SiOhibdqneT2n/NI41uQS2f1usTuSuAQ62', '1b603d56d8be0f847e9a1d2cfa3b9156', 1, 1, 0, '2016-11-08 07:22:52'),
(86, 87, -1, 'ggghhh@fhhfhf.vvv', '$2a$10$z4aOz5eIWcEGHXivvl9SiOhibdqneT2n/NI41uQS2f1usTuSuAQ62', '5baede87ae41083b44f15fcfa49770ab', 1, 1, 0, '2016-11-08 07:22:52'),
(87, 88, -1, 'nirob@gmail.com', '$2a$10$z4aOz5eIWcEGHXivvl9SiOhibdqneT2n/NI41uQS2f1usTuSuAQ62', '001429a1a52afa8d1f18e40e14e06d34', 1, 1, 0, '2017-01-20 15:51:56'),
(88, 89, -1, 'chocolate@ch.com', '$2a$10$z4aOz5eIWcEGHXivvl9SiOhibdqneT2n/NI41uQS2f1usTuSuAQ62', '610214206b443e3665b0e37bcb2ed4e5', 1, 1, 0, '2016-11-08 07:22:52'),
(89, 90, -1, 'mehedi@maileme101.com', '$2a$10$z4aOz5eIWcEGHXivvl9SiOhibdqneT2n/NI41uQS2f1usTuSuAQ62', 'dfa51b4dbcfc17f2ff8c8cdc387007aa', 1, 1, 0, '2016-11-08 07:22:52'),
(90, 91, -1, 'mehedi_1143@diu.edu.bd', '$2a$10$z4aOz5eIWcEGHXivvl9SiOhibdqneT2n/NI41uQS2f1usTuSuAQ62', '393833b6e2ab998c6bef8c3a68b0d072', 1, 1, 0, '2016-12-27 06:21:53'),
(91, 92, -1, 'mehedi.hasan.exe@gmail.com', '$2a$10$z4aOz5eIWcEGHXivvl9SiOhibdqneT2n/NI41uQS2f1usTuSuAQ62', '3a80d2bae79cf037478baa3bcb493408', 1, 1, 0, '2016-12-27 06:21:53'),
(92, 93, -1, 'wute@stromox.com', '$2a$10$z4aOz5eIWcEGHXivvl9SiOhibdqneT2n/NI41uQS2f1usTuSuAQ62', '7aa811fde1531fdc94c36737e40c7265', 1, 1, 0, '2016-11-08 07:22:52'),
(93, 94, -1, 'tahminasqa@gmail.com', '$2a$10$z4aOz5eIWcEGHXivvl9SiOhibdqneT2n/NI41uQS2f1usTuSuAQ62', '9a59cd34292e7ae2ebb16c539f9800c2', 1, 1, 0, '2016-11-08 07:22:52'),
(94, 95, -1, 'jabtak@gmail.com', '$2a$10$I90uHVfSCsei7sTivDMlM.dHyTnCy18Qom5S0heT01jXkOzgHq36W', 'd6e3aab2f6ca2fa6efdd963e8e77e192f23f54e8e9c489d3b1f95b55f370f20d94', 1, 1, 0, '2016-11-08 07:33:00'),
(95, 96, -1, 'tahmina.aiub@gmail.com', '$2a$10$aLk/uw6K0Z2zWWpjXwQvdOY4FS7qFSqOLNVjL15lhT0PuG7kNaQ9e', '22cee0d6174af591f19e2dc65e32718b62f8923f1b674635d11a90200f4969e195', 1, 1, 0, '2016-11-08 08:11:46'),
(96, 97, 1, 'lechala.jul@gmail.com', '$2a$10$fngnGGN7olrn1dTagAoBv.MOCyGZOjFD83f.eXCY9ZjqVnE93rHha', '604d2becf94003705d63363b95548e4543fe72b0ed2fc78b6ad2c6e781d3678296', 1, 1, 0, '2016-12-27 06:21:53'),
(97, 98, -1, 'pretty.ladyjul@gmail.com', '$2a$10$dbSndvgq2A9cJQCv2JGDAue0PRrWoXbnhTnfg9lsJrc44X57uv8Sy', 'c54383470f79f59008db4be7017b59dd5de66064f0918848abae855bf536973997', 1, 1, 0, '2016-11-08 09:03:41'),
(98, 99, 1, 'bbabylon.30@gmail.com', '$2a$10$CcOx/UedWzvYuMhfqRiJLOnK8raSbzwcnfxW4PilWYqXRdeI5OKFy', '97c4c31962e3cdc7967fe2d55c7ef3d6646ba6766c1ba3cd5f29b2210954ddb798', 1, 1, 0, '2016-12-27 06:21:53'),
(99, 100, -1, 'v@v.com', '$2a$10$oyqRUDcfPfN1Bi/nIlCFb.JQsAwKnVwY9DZXlj6gPbsMGWjfrjfYK', '4b4d621071d4972655b71af1abf382a8f381474afed4994108d4bff602e7a82a99', 1, 1, 0, '2016-12-27 06:21:53'),
(100, 101, -1, 'jk@fgh.cju', '$2a$10$ULORgJr/y4Hoz6p27Rn4Xu2Z.7oATI15fIZevKblUNas6WtAC36K6', '053db6530df23d5c68050b6f33a663abfc2f25f850a7fc7eef1efa7126787aab100', 0, 1, 0, '2016-12-27 06:21:53'),
(101, 102, -1, 'mojo69@gmail.com', '$2a$10$KmgzulyauqJYkcpwi5TaPOxojwwnAlzEOxQYnUDKYTJmDgJmbCXoe', '0f55a0da3a129239e73fd04fe3413103a603d09fbb078c5e54dfce19fa882467101', 0, 1, 0, '2016-12-27 06:21:53'),
(102, 103, -1, 'tintin@gmail.com', '$2a$10$jvb2k0Xyn4onJOnmXBp1h.labsb8RPaU4VrhEDHLlTGvKzTfsAzcC', '533cbfd3876e8a69285d5a80cbd67a0bbec80393e2e76d2950593b9b91620e13102', 0, 1, 0, '2016-12-27 06:21:53'),
(103, 104, -1, 'fakibaj@gmail.com', '$2a$10$5mjT3i9wRkGY0PT4PZCu3OoRZf0KJ80uS2go2Hkbi5/WKxYmQlwVm', 'd17c2b3a021696a737d65b5711af9a2a46cfb32c47d38884e114c67065bc14fc103', 0, 1, 0, '2016-12-27 06:21:53'),
(104, 105, -1, 'testwsit@gmail.com', '$2a$10$mQcClzmwqOr08U0ZrZbne.Moenp0jm.oCrRleiCeMjmh3jWruD0YS', '99adfaeae56aced02fc507e4d61260fcfcfc2c97e890a7ac8985c6819e457916104', 0, 1, 0, '2016-11-10 05:23:48'),
(105, 106, -1, 'shaydul.alam@gmail.com', '$2a$10$TDc4y//RAPyOZesAuL4zdeqmDx/.29CMAU160uldv/S6E/IVoPjfm', 'f84197f419cd1eb07b794d720760d024c5ac1e39395c1894c999196dc40361e3105', 1, 1, 0, '2016-11-11 05:24:04'),
(106, 107, -1, 'blakedvs01@gmail.com', '$2a$10$QcJebNHckcC43nrbmv4/u.jFDU2V3uYCYvbVglVKgALdSfDUBXP0y', '20b3afc7eeee9927b3eededda0f0b1c70cb2ebd934bea212338fa128e2fda847106', 1, 1, 0, '2016-11-11 22:04:45'),
(107, 108, -1, 'kashif2909@gmail.com', '$2a$10$hOW.DAEsg4G2GQJkLVv30.7w6TIMlLerZDhg6bsU7gh4Lbl9pGqvu', '7008a68aa8d1914dd1394f1e652d143cdbf8f2388a4db3d10bf5cc1eb2059e2b107', 1, 1, 0, '2016-12-27 06:21:53'),
(108, 109, -1, 'delro10@yahoo.com', '$2a$10$6kUyHYtUdE6j0pHf4iXb2uBOHHbuG90M6YCbjNS5Eybk61QBqt.zK', 'aea29b4cddde017dceb578639fba22c332ce58d235bc325d6703c9850d08dba6108', 1, 1, 0, '2016-12-27 06:21:53'),
(109, 110, -1, 'mehedi@zain.site', '$2a$10$SORa6a6hy9arin57y5NfzO8kEOeznDB/DWj7UYZibj71/bsAM3B4a', 'c35e1f2d6145c7a386b71800804f97802098ace30eef02034f35ce45ae3d1334109', 1, 1, 0, '2016-11-30 05:38:55'),
(110, 111, -1, 'alokitomoon@gmail.com', '$2a$10$GyUAsuHRugmkQZ.xvWqZv.vPisvHokNstNuz9l5j6Kb7y1wtx1hPG', 'dcb01d99d6d1e5d44c95e45928dec2f5c724f2a6ce3e301511341384f650816f110', 1, 1, 0, '2016-11-30 05:45:48'),
(111, 112, -1, 'wxqyr@xww.ro', '$2a$10$uFKBQ3tO.1BTB4rCIeC/cuBRXJ6syL3sYBlfQUcObyI4xrPVVf6BG', '6c34c75d1244787f6a8a021a8d5270600e48b298db578fb7bbdce119a79bbdbe111', 1, 1, 0, '2016-11-30 06:07:11'),
(112, 113, -1, 'shovybd@gmail.com', '$2a$10$TZgz/QZh0i5O26Ts7MAGEeF9QyxgYm7Q0Mx3xJkOSIZcvJ3aQmdS2', '97179395437dc1b0bc33624bff171a212331274d210fee194149f1a3f5a8644b112', 1, 1, 0, '2016-12-27 06:21:53'),
(113, 114, -1, 'cbstpete86@gmail.com', '$2a$10$6kFDD95KT6jp6fnfUgO6xuv/TfIel5IPsfexXdidY7E8Ou4brspTW', '892bf9209d6914601885847e6d6a424b0475ce3b9b8daa422a744ef66ebcb1a3113', 0, 1, 0, '2016-11-30 23:00:05'),
(114, 115, -1, 'akhtar@maileme101.com', '$2a$10$JR6CvCQC5qlmM6kHTCRBSeSQmzOA1DRTFvfQT7jfOoZS6GYfY7F0.', 'b13094bbed4613c5777ed8c1130febed7bda89d284b369e53e0a30307efd8ea6114', 1, 1, 0, '2016-12-06 10:33:21'),
(115, 116, -1, 'solomon@filmfam.com', '$2a$10$7lZPKPvpX2W40LKkqaXyD.NVvxq.PY7KuXc2lmSRklmK5c5JiKi/2', '503b8742cd793ee3479ed14939c650bb50f8517609fc556e2e5666df294c7bf3115', 1, 1, 0, '2016-12-06 20:48:12'),
(116, 117, -1, 'garth@flourishandmultiply.com', '$2a$10$ZAR7tHjZkSJtUedSrA7.5O/340.a5Qr8VnDxyFn66U.Th5Xek1OGe', 'b5e03d6706d629138fdd72091c04b5084b9fa6fd95f8c7db2b0d55e79bdbc08a116', 1, 1, 0, '2016-12-07 17:29:53'),
(117, 118, -1, 'guzman340@gmail.com', '$2a$10$x6oKZ4Cr0Mvz.pi1.GunTOjoBEQTL7lCAKcOo4onFbNltCVx2Hcoa', '9f2683854229757ef50aeae39e751e7d1001ba87e9b6ec8b541cdb948ef55545117', 1, 1, 0, '2016-12-10 20:33:59'),
(118, 119, -1, 'xilon@stromox.com', '$2a$10$UWzF8jIuwrAR4Me.z93/xu.4cF6xbkZtw.jnYVknUsLquSmkXYgzG', '941de34b963aef815d29df8e1bac7d6367cd04916ce40612cbbb17ef0dec2ced118', 1, 1, 0, '2016-12-14 06:49:33'),
(119, 120, -1, 'test@test.test', '$2a$10$mSE4BUwRNSJdGyQ8qNn5j.TW32LT2p0JeGufIrpbh34WoLQl5yppa', '2af3521d964334303911d611ab2b1aa90d40732c22c0a8a1754f278430518c27119', 1, 1, 0, '2016-12-27 06:21:53'),
(120, 121, -1, 'khairul_hasan@msn.com', '$2a$10$7Sa4rEr6bDpv2y/1F6ywnOvinyESEZ1gRqMDJqeCqAiZlM423j1Se', '5eca0970b0828b95ae521a16a9c0c48499a789c8846531f069065b37fa7db8a3120', 1, 1, 0, '2016-12-22 13:23:19'),
(121, 122, -1, 'kashif.khan@insightbangladesh.org.bd', '$2a$10$5qWcEIPo1CcJuX9/Z4ZCVuaoJUgDXLHvf4vcB6xlLo5K1BZZRKfqi', 'e9df53d340078e4ea937067ccb26daa91696a26a83d023039c0b2692a9cbaace121', 0, 1, 0, '2016-12-24 06:26:39'),
(122, 123, -1, 'verereme@stromox.com', '$2a$10$bKqOwgvsi7pUJVX1mGWnluvChXRhdjZzLsRRqDSfp/u1SwNesUynm', '0e128e2431888d144dae2e7043ec4812f641088257019580dfb9e6f1545fec67122', 0, 1, 0, '2016-12-24 10:04:04'),
(124, 125, -1, 'sounds.nothing@gmail.com', '$2a$10$eOcRip.tcdlP5AFL2.m/4.brpcQdRGjJ45ZjJwURKcmmzIbMJZH2q', '21c18217f2412711f26017fadd56188403c8c6dafc193753e180b00fc459568d124', 1, 1, 0, '2016-12-25 09:48:12'),
(125, 126, -1, 'sayaleen@gmail.com', '$2a$10$kmsWA/CQurnlzMi3VjWE2uJ2h3vz/HBrDSJUyeRYZfM4vUPhXDAdO', '0e6bb6851c316c90c7a0f50b73be7679f6ee42ca94261eff4cc1d766213dd70d125', 1, 1, 0, '2016-12-27 06:21:23'),
(126, 127, -1, 'tukigonoxi@tverya.com', '$2a$10$tqO0u4xrEfP31F28FmON0uJSJoY33rbhDZp.H/8DNXw1K8TKlputC', '3426d9e34209cdb4448281d196b2c2bbc74e879bed3055350957df85a02ef2fb126', 1, 1, 0, '2016-12-26 17:10:23'),
(127, 128, -1, 'cpxmzokf@sharklasers.com', '$2a$10$KEtxRuInlEymrklyhP196e5rttbajTznhNXbqBESygtCSsXZ8qPDa', '325a6abb1f71b8a50e334a76956718fa67f730e4d0f0810282c33e6135e41a31127', 1, 0, 0, '2016-12-27 12:50:46'),
(128, 129, -1, 'anioouiq@sharklasers.com', '$2a$10$hY1FZnaqk9g.68wC5DMg8ODdWRnaGStAdaNgZsCUp1TUokTbdLkA6', '8c01e62fd5f14462f4ad4fb6205ae9e9e2bcb6779336adc102fcf68d037552cc128', 1, 1, 0, '2016-12-28 13:02:40'),
(129, 130, -1, 'cojite@zain.site', '$2a$10$VYNMMigYdJ28W1Z2qHtZ1Ort2YM6ok8FpWtY/tmKr4zIcxG9m9zd6', '7b4a4857f3490d510aec1c4aaf9821772e1cfa3fc12f56bf3091624db96a1e83129', 1, 1, 0, '2016-12-29 08:09:15'),
(130, 131, 1, 'curiousmehedi@gmail.com', '$2a$10$agjwJHCO6XKdoHY7ipTDCOis3p.cYqAdbFqxbxZAgrWbil67wZIRm', '14e7abb241534b27c92976f8d0dc669e8642003bcfaf61cfed78a2c582fe7063130', 1, 0, 0, '2016-12-29 08:11:43'),
(131, 132, -1, 'xgrvrsnp@sharklasers.com', '$2a$10$IYczAyAlnLKQXJJU4ssZEO1STDeo9SvhmMOiooGqWrpFLh4rR/Lye', 'f8fc67f4f580fd8b97d4de457b1aded0d0911913cc8d107373099a1c05eec24e131', 1, 0, 0, '2017-01-20 13:48:28'),
(132, 133, -1, 'onin.rahman@gmail.com', '$2a$10$tCO8jHwzDxJM57zwyS5qpeBHRtx9a93qD3yOtoqKrWEvL9pkX6a2K', '38d178948d08470c83966e5213930ce50209d008d058fdedc212bd28dad5f890132', 1, 0, 0, '2017-01-20 14:03:05'),
(133, 134, -1, 'onin.hrahman@gmail.com', '$2a$10$uNiPMy5YIidVmdK/dFK5yO5DRbkPmImDy4zrkzNtCHTHw646.scve', '8f1d23447be173b4fba2b2b98c6a9a902f65cd934acfa1e2fd582d41691d500c133', 1, 0, 0, '2017-01-20 14:05:03'),
(135, 136, -1, 'rafi@workspaceit1.com', '$2a$10$MbavI6.HS6pHl1WV5u8M5eEkNPd5F5162yQojuO8E5D7iEh3jxQVS', '7168f7dbbe136a8ed04bae5f22f9469ed8888ae4ed760d0e10f8e38c72705b95135', 1, 0, 0, '2017-01-24 13:17:21'),
(136, 137, -1, 'nishacse120@gmail.com', '$2a$10$Np/0rbA5Bo8QMqK3i3.1y.xn0b32zWBFPvjMWDDq0A2hYNcoyqgp.', '58577a380d563858a286bb8015a2a15b65982db764dcad0010b639ef97dc9d0a136', 1, 0, 0, '2017-04-03 11:17:07'),
(137, 138, -1, 'xdarana3@gmail.com', '$2a$10$GOeKZ7UkeT17M2haP3zZwO/apzlruvOb08WQvCpBX2dtLJtS0h.D6', 'ea14aa0bb1ca2fec7bcef5974daf4b516aeee0d6f4a23b5650b7af25252a3ecb137', 1, 0, 0, '2017-04-10 12:52:59'),
(138, 139, -1, 'asd@asd.com', '$2a$10$S8Ffe.YTbYNcff5WqkE9SOyWTpX9BabzLG3QR8mBxbJU7zqQMiQTS', 'baed6739330e552af0028603762daee6c80b19e231c8a0f4b9c8d8caf14a4d18138', 1, 0, 0, '2017-04-21 08:00:30'),
(139, 140, -1, 'tasarker2013@gmail.com', '$2a$10$a/2Ojhyv5A7qtlXgupiNOu6C1EuBnFsoyYe7dadsQrl3hdN5Pqv8i', '3eb4ce996066cd0225b4df0368efb7e68eef5c799a6f45ddfc58ba94f713e641139', 1, 0, 0, '2017-07-15 07:30:06');

-- --------------------------------------------------------

--
-- Table structure for table `attributes`
--

CREATE TABLE `attributes` (
  `id` int(11) NOT NULL,
  `name` varchar(200) NOT NULL,
  `created_by` int(11) NOT NULL,
  `created_date` timestamp NOT NULL DEFAULT CURRENT_TIMESTAMP ON UPDATE CURRENT_TIMESTAMP
) ENGINE=InnoDB DEFAULT CHARSET=latin1;

-- --------------------------------------------------------

--
-- Table structure for table `attribute_values`
--

CREATE TABLE `attribute_values` (
  `id` int(11) NOT NULL,
  `attributes_id` int(11) NOT NULL,
  `name` varchar(200) NOT NULL,
  `created_by` int(11) NOT NULL
) ENGINE=InnoDB DEFAULT CHARSET=latin1;

-- --------------------------------------------------------

--
-- Table structure for table `banner_image`
--

CREATE TABLE `banner_image` (
  `id` int(11) NOT NULL,
  `image_path` varchar(200) NOT NULL,
  `url` varchar(200) NOT NULL,
  `created_date` timestamp NOT NULL DEFAULT CURRENT_TIMESTAMP ON UPDATE CURRENT_TIMESTAMP
) ENGINE=InnoDB DEFAULT CHARSET=latin1;

--
-- Dumping data for table `banner_image`
--

INSERT INTO `banner_image` (`id`, `image_path`, `url`, `created_date`) VALUES
(9, '1237019901858614.png', 'http://rentguru24.com', '2016-12-20 14:01:31'),
(10, '1237585139572433.jpg', '#', '2016-12-20 14:10:56'),
(11, '1237637659042594.jpg', '#', '2016-12-20 14:11:49');

-- --------------------------------------------------------

--
-- Table structure for table `category`
--

CREATE TABLE `category` (
  `id` int(11) NOT NULL,
  `name` varchar(200) NOT NULL,
  `parent_id` int(11) DEFAULT NULL,
  `is_subcategory` tinyint(1) NOT NULL DEFAULT '0',
  `sorted_order` int(11) NOT NULL,
  `picture` text,
  `product_count` int(11) NOT NULL DEFAULT '0',
  `created_by` int(11) NOT NULL,
  `created_date` timestamp NOT NULL DEFAULT CURRENT_TIMESTAMP ON UPDATE CURRENT_TIMESTAMP
) ENGINE=InnoDB DEFAULT CHARSET=latin1;

--
-- Dumping data for table `category`
--

INSERT INTO `category` (`id`, `name`, `parent_id`, `is_subcategory`, `sorted_order`, `picture`, `product_count`, `created_by`, `created_date`) VALUES
(8, 'Home & Garden', NULL, 0, 1, '{"original":{"path":"2737779563966273.jpg","type":"","size":{"width":500,"height":525}},"thumb":[]}', 23, 0, '2016-12-09 11:55:25'),
(9, 'Cars & Vehicles', NULL, 0, 2, '{"original":{"path":"2738142512716246.jpg","type":"","size":{"width":500,"height":525}},"thumb":[]}', 7, 0, '2016-12-09 11:55:45'),
(10, 'Education', NULL, 0, 3, '{"original":{"path":"2738655553475618.jpg","type":"","size":{"width":500,"height":525}},"thumb":[]}', 1, 0, '2016-12-09 11:56:11'),
(11, 'Clothing, Health & Beauty', NULL, 0, 4, '{"original":{"path":"2738857785454562.jpg","type":"","size":{"width":500,"height":525}},"thumb":[]}', 3, 0, '2016-12-09 11:56:40'),
(12, 'Electronics', NULL, 0, 5, '{"original":{"path":"2737616194130645.jpg","type":"","size":{"width":500,"height":525}},"thumb":[]}', 16, 0, '2016-12-09 11:56:58'),
(13, 'Hobby, Sport & Kids', NULL, 0, 6, '{"original":{"path":"2739116154895649.jpg","type":"","size":{"width":500,"height":525}},"thumb":[]}', 1, 0, '2016-12-09 11:57:15'),
(14, 'Swedish washing machine', 12, 1, 7, NULL, 11, 0, '2016-12-09 11:15:13'),
(22, 'Tools', NULL, 1, 15, NULL, 0, 35, '2016-12-09 11:15:13'),
(23, 'Tool1', NULL, 1, 16, NULL, 0, 35, '2016-12-09 11:15:13'),
(29, 'Appliances', NULL, 1, 17, 'null', 2, 35, '2016-12-09 11:15:13'),
(30, 'Tools', NULL, 1, 18, NULL, 0, 35, '2016-12-09 11:15:13'),
(33, 'Kitchen & Dining', NULL, 1, 20, 'null', 0, 35, '2016-12-09 11:15:13'),
(34, 'Furniture', 8, 1, 21, 'null', 7, 35, '2016-12-09 11:15:13'),
(35, 'asd', NULL, 1, 22, 'null', 0, 35, '2016-12-09 11:15:13'),
(39, 'Electricity, AC, Bathroom & Garden', 8, 1, 23, 'null', 3, 35, '2016-12-09 11:15:13'),
(43, 'Cars', 9, 1, 27, 'null', 4, 35, '2016-12-09 11:15:13'),
(44, 'Motorbikes & Scooters', 9, 1, 28, 'null', 1, 35, '2016-12-09 11:15:13'),
(45, 'Bicycles and Three Wheelers', 9, 1, 29, 'null', 2, 35, '2016-12-09 11:15:13'),
(46, 'Auto Parts & Accessories', 9, 1, 30, 'null', 0, 35, '2016-12-09 11:15:13'),
(47, 'Trucks, Vans & Buses', 9, 1, 31, 'null', 0, 35, '2016-12-09 11:15:13'),
(48, 'Heavy-Duty', 9, 1, 32, 'null', 1, 35, '2016-12-09 11:15:13'),
(49, 'Tuition', 10, 1, 33, 'null', 0, 35, '2016-12-09 11:15:13'),
(50, 'Others Education', 10, 1, 34, 'null', 0, 35, '2016-12-09 11:15:13'),
(51, 'Textbooks', 10, 1, 35, 'null', 0, 35, '2016-12-09 11:15:13'),
(55, 'Clothing', 11, 1, 39, 'null', 1, 35, '2016-12-09 11:15:13'),
(56, 'Health & Beauty Products', 11, 1, 40, 'null', 2, 35, '2016-12-09 11:15:13'),
(57, 'Watches', 11, 1, 41, 'null', 0, 35, '2016-12-09 11:15:13'),
(58, 'Jewelery', 11, 1, 42, 'null', 0, 35, '2016-12-09 11:15:13'),
(60, 'Sports Equipments', 13, 1, 44, 'null', 0, 35, '2016-12-09 11:15:13'),
(61, 'Musical Instruments', 13, 1, 45, 'null', 0, 35, '2016-12-09 11:15:13'),
(62, 'Video Games & Consoles', 13, 1, 46, 'null', 0, 35, '2016-12-09 11:15:13'),
(63, 'Children\'s Items', 13, 1, 47, 'null', 0, 35, '2016-12-09 11:15:13'),
(64, 'Other Hobby, Sport & Kids items', 13, 1, 48, 'null', 0, 35, '2016-12-09 11:15:13'),
(65, 'Mobile Phones & Tablets', 12, 1, 49, 'null', 2, 35, '2016-12-09 11:15:13'),
(66, 'Computers & Laptops', 12, 1, 50, 'null', 1, 35, '2016-12-09 11:15:13'),
(67, 'Computer Accessories', 12, 1, 51, 'null', 2, 35, '2016-12-09 11:15:13'),
(68, 'Cameras & Camcorders', 12, 1, 52, 'null', 0, 35, '2016-12-09 11:15:13'),
(69, 'Television', 12, 1, 53, 'null', 0, 35, '2016-12-09 11:15:13'),
(76, 'Pets & Animals', NULL, 0, 59, '{"original":{"path":"2214324105584638.png","type":"","size":{"width":519,"height":525}},"thumb":[]}', 0, 35, '2016-12-09 11:12:34'),
(77, 'Pets', 76, 1, 60, 'null', 0, 35, '2016-12-09 11:15:13'),
(78, 'Pet & Animal Accessories', 76, 1, 61, 'null', 0, 35, '2016-12-09 11:15:13'),
(79, 'Farm Animals', 76, 1, 62, 'null', 0, 35, '2016-12-09 11:15:13'),
(83, 'Accessories', 12, 1, 66, 'null', 1, 35, '2016-12-09 11:15:13'),
(84, 'Others Electronics', 12, 1, 67, 'null', 0, 35, '2016-12-09 11:15:13'),
(85, 'Water Transport', 9, 1, 68, 'null', 0, 35, '2016-12-09 11:15:13'),
(86, 'Bags', 11, 1, 69, 'null', 0, 35, '2016-12-09 11:15:13'),
(88, 'Shoes & Footwear', 11, 1, 71, 'null', 0, 35, '2016-12-09 11:15:13'),
(89, 'Sunglasses', 11, 1, 72, 'null', 0, 35, '2016-12-09 11:15:13'),
(90, 'Other Personal Items', 11, 1, 73, 'null', 0, 35, '2016-12-09 11:15:13'),
(91, 'Other Fashion Accessories', 11, 1, 74, 'null', 0, 35, '2016-12-09 11:15:13'),
(92, 'Home Appliances', 8, 1, 75, 'null', 8, 35, '2016-12-09 11:15:13'),
(93, 'Other Home Items', 8, 1, 76, 'null', 7, 35, '2016-12-09 11:15:13'),
(95, 'Travel, Events & Tickets', 13, 1, 78, 'null', 1, 35, '2016-12-09 11:15:13'),
(96, 'Music, Books & Movies', 13, 1, 79, 'null', 0, 35, '2016-12-09 11:15:13'),
(97, 'Art & Collectibles', 13, 1, 80, 'null', 0, 35, '2016-12-09 11:15:13'),
(98, 'Handicraft', 13, 1, 81, 'null', 0, 35, '2016-12-09 11:15:13'),
(100, 'Property', NULL, 0, 82, '{"original":{"path":"2739378305391666.jpg","type":"","size":{"width":500,"height":525}},"thumb":[]}', 3, 35, '2016-12-09 11:12:34');

-- --------------------------------------------------------

--
-- Table structure for table `cities`
--

CREATE TABLE `cities` (
  `id` int(11) NOT NULL,
  `state_id` int(11) NOT NULL,
  `city_name` varchar(255) NOT NULL
) ENGINE=InnoDB DEFAULT CHARSET=latin1;

--
-- Dumping data for table `cities`
--

INSERT INTO `cities` (`id`, `state_id`, `city_name`) VALUES
(1, 1, 'Huntsville'),
(2, 1, 'Mobile'),
(3, 1, 'Birmingham'),
(4, 1, 'Montgomery'),
(5, 2, 'Anchorage'),
(6, 3, 'Peoria'),
(7, 3, 'Phoenix'),
(8, 3, 'Chandler'),
(9, 3, 'Gilbert'),
(10, 2, 'Glendale'),
(11, 3, 'Mesa'),
(12, 3, 'Scottsdale'),
(13, 3, 'Surprise'),
(14, 3, 'Tempe'),
(15, 3, 'Tucson'),
(16, 4, 'Little Rock');

-- --------------------------------------------------------

--
-- Table structure for table `cron_last_executed`
--

CREATE TABLE `cron_last_executed` (
  `id` int(11) NOT NULL,
  `rent_request_id` int(11) NOT NULL
) ENGINE=InnoDB DEFAULT CHARSET=latin1;

--
-- Dumping data for table `cron_last_executed`
--

INSERT INTO `cron_last_executed` (`id`, `rent_request_id`) VALUES
(1, 149);

-- --------------------------------------------------------

--
-- Table structure for table `cron_log`
--

CREATE TABLE `cron_log` (
  `id` int(11) NOT NULL,
  `description` text NOT NULL,
  `created_date` timestamp NOT NULL DEFAULT CURRENT_TIMESTAMP ON UPDATE CURRENT_TIMESTAMP
) ENGINE=InnoDB DEFAULT CHARSET=latin1;

--
-- Dumping data for table `cron_log`
--

INSERT INTO `cron_log` (`id`, `description`, `created_date`) VALUES
(1, 'RENT REQUEST ID :  139 141 142 143 144 145 146 147 148 149', '2016-10-24 11:30:00'),
(2, 'RENT REQUEST ID :  153', '2016-10-24 12:00:00'),
(3, 'RENT REQUEST ID : ', '2016-10-24 12:30:00'),
(4, 'RENT REQUEST ID : ', '2016-10-24 13:00:00'),
(5, 'RENT REQUEST ID :  151 152 154', '2016-10-24 13:30:00'),
(6, 'RENT REQUEST ID : ', '2016-10-24 14:00:00'),
(7, 'RENT REQUEST ID : ', '2016-10-24 14:30:00'),
(8, 'RENT REQUEST ID : ', '2016-10-24 15:00:00'),
(9, 'RENT REQUEST ID : ', '2016-10-24 15:30:00'),
(10, 'RENT REQUEST ID : ', '2016-10-24 16:00:00'),
(11, 'RENT REQUEST ID : ', '2016-10-24 16:30:00'),
(12, 'RENT REQUEST ID : ', '2016-10-24 17:00:00'),
(13, 'RENT REQUEST ID : ', '2016-10-24 17:30:00'),
(14, 'RENT REQUEST ID : ', '2016-10-24 18:00:00'),
(15, 'RENT REQUEST ID : ', '2016-10-24 18:30:00'),
(16, 'RENT REQUEST ID : ', '2016-10-24 19:00:00'),
(17, 'RENT REQUEST ID : ', '2016-10-24 19:30:00'),
(18, 'RENT REQUEST ID : ', '2016-10-24 20:00:00'),
(19, 'RENT REQUEST ID : ', '2016-10-24 20:30:00'),
(20, 'RENT REQUEST ID : ', '2016-10-24 21:00:00'),
(21, 'RENT REQUEST ID : ', '2016-10-24 21:30:00'),
(22, 'RENT REQUEST ID : ', '2016-10-24 22:00:00'),
(23, 'RENT REQUEST ID : ', '2016-10-24 22:30:00'),
(24, 'RENT REQUEST ID : ', '2016-10-24 23:00:00'),
(25, 'RENT REQUEST ID : ', '2016-10-24 23:30:00'),
(26, 'RENT REQUEST ID : ', '2016-10-25 00:00:00'),
(27, 'RENT REQUEST ID : ', '2016-10-25 00:30:00'),
(28, 'RENT REQUEST ID : ', '2016-10-25 01:00:00'),
(29, 'RENT REQUEST ID : ', '2016-10-25 01:30:00'),
(30, 'RENT REQUEST ID : ', '2016-10-25 02:00:00'),
(31, 'RENT REQUEST ID : ', '2016-10-25 02:30:00'),
(32, 'RENT REQUEST ID : ', '2016-10-25 03:00:00'),
(33, 'RENT REQUEST ID : ', '2016-10-25 03:30:00'),
(34, 'RENT REQUEST ID : ', '2016-10-25 04:00:00'),
(35, 'RENT REQUEST ID : ', '2016-10-25 04:30:00'),
(36, 'RENT REQUEST ID : ', '2016-10-25 05:00:00'),
(37, 'RENT REQUEST ID :  155', '2016-10-25 05:30:00'),
(38, 'RENT REQUEST ID : ', '2016-10-25 06:00:00'),
(39, 'RENT REQUEST ID : ', '2016-10-25 06:30:00'),
(40, 'RENT REQUEST ID : ', '2016-10-25 07:00:00'),
(41, 'RENT REQUEST ID : ', '2016-10-25 07:30:00'),
(42, 'RENT REQUEST ID : ', '2016-10-25 08:00:00'),
(43, 'RENT REQUEST ID : ', '2016-10-25 08:30:00'),
(44, 'RENT REQUEST ID : ', '2016-10-25 09:00:00'),
(45, 'RENT REQUEST ID :  156', '2016-10-25 09:30:00'),
(46, 'RENT REQUEST ID : ', '2016-10-25 10:00:00'),
(47, 'RENT REQUEST ID : ', '2016-10-25 10:30:00'),
(48, 'RENT REQUEST ID : ', '2016-10-25 11:00:00'),
(49, 'RENT REQUEST ID : ', '2016-10-25 11:30:00'),
(50, 'RENT REQUEST ID : ', '2016-10-25 12:00:00'),
(51, 'RENT REQUEST ID : ', '2016-10-25 12:30:00'),
(52, 'RENT REQUEST ID : ', '2016-10-25 13:00:00'),
(53, 'RENT REQUEST ID : ', '2016-10-25 13:30:00'),
(54, 'RENT REQUEST ID : ', '2016-10-25 14:00:00'),
(55, 'RENT REQUEST ID : ', '2016-10-25 14:30:00'),
(56, 'RENT REQUEST ID : ', '2016-10-25 15:00:00'),
(57, 'RENT REQUEST ID : ', '2016-10-25 15:30:00'),
(58, 'RENT REQUEST ID : ', '2016-10-25 16:00:00'),
(59, 'RENT REQUEST ID : ', '2016-10-25 16:30:00'),
(60, 'RENT REQUEST ID : ', '2016-10-25 17:00:00'),
(61, 'RENT REQUEST ID : ', '2016-10-25 17:30:00'),
(62, 'RENT REQUEST ID : ', '2016-10-25 18:00:00'),
(63, 'RENT REQUEST ID : ', '2016-10-25 18:30:00'),
(64, 'RENT REQUEST ID : ', '2016-10-25 19:00:00'),
(65, 'RENT REQUEST ID : ', '2016-10-25 19:30:00'),
(66, 'RENT REQUEST ID : ', '2016-10-25 20:00:00'),
(67, 'RENT REQUEST ID : ', '2016-10-25 20:30:00'),
(68, 'RENT REQUEST ID : ', '2016-10-25 21:00:00'),
(69, 'RENT REQUEST ID : ', '2016-10-25 21:30:00'),
(70, 'RENT REQUEST ID : ', '2016-10-25 22:00:00'),
(71, 'RENT REQUEST ID : ', '2016-10-25 22:30:00'),
(72, 'RENT REQUEST ID : ', '2016-10-25 23:00:00'),
(73, 'RENT REQUEST ID : ', '2016-10-25 23:30:00'),
(74, 'RENT REQUEST ID : ', '2016-10-26 00:00:00'),
(75, 'RENT REQUEST ID : ', '2016-10-26 00:30:00'),
(76, 'RENT REQUEST ID : ', '2016-10-26 01:00:00'),
(77, 'RENT REQUEST ID : ', '2016-10-26 01:30:00'),
(78, 'RENT REQUEST ID : ', '2016-10-26 02:00:00'),
(79, 'RENT REQUEST ID : ', '2016-10-26 02:30:00'),
(80, 'RENT REQUEST ID : ', '2016-10-26 03:00:00'),
(81, 'RENT REQUEST ID : ', '2016-10-26 03:30:00'),
(82, 'RENT REQUEST ID : ', '2016-10-26 04:00:00'),
(83, 'RENT REQUEST ID : ', '2016-10-26 04:30:00'),
(84, 'RENT REQUEST ID : ', '2016-10-26 05:00:00'),
(85, 'RENT REQUEST ID : ', '2016-10-26 05:30:00'),
(86, 'RENT REQUEST ID : ', '2016-10-26 06:00:00'),
(87, 'RENT REQUEST ID : ', '2016-10-26 06:30:00'),
(88, 'RENT REQUEST ID : ', '2016-10-26 07:00:00'),
(89, 'RENT REQUEST ID :  158', '2016-10-26 07:30:00'),
(90, 'RENT REQUEST ID : ', '2016-10-26 08:00:00'),
(91, 'RENT REQUEST ID : ', '2016-10-26 08:30:00'),
(92, 'RENT REQUEST ID : ', '2016-10-26 09:00:00'),
(93, 'RENT REQUEST ID : ', '2016-10-26 09:30:00'),
(94, 'RENT REQUEST ID : ', '2016-10-26 10:00:00'),
(95, 'RENT REQUEST ID : ', '2016-10-26 10:30:00'),
(96, 'RENT REQUEST ID : ', '2016-10-26 11:00:00'),
(97, 'RENT REQUEST ID : ', '2016-10-26 11:30:00'),
(98, 'RENT REQUEST ID : ', '2016-10-26 12:00:00'),
(99, 'RENT REQUEST ID : ', '2016-10-26 12:30:00'),
(100, 'RENT REQUEST ID : ', '2016-10-26 13:00:00'),
(101, 'RENT REQUEST ID : ', '2016-10-26 13:30:00'),
(102, 'RENT REQUEST ID : ', '2016-10-26 14:00:00'),
(103, 'RENT REQUEST ID : ', '2016-10-26 14:30:00'),
(104, 'RENT REQUEST ID : ', '2016-10-26 15:00:00'),
(105, 'RENT REQUEST ID : ', '2016-10-26 15:30:00'),
(106, 'RENT REQUEST ID : ', '2016-10-26 16:00:00'),
(107, 'RENT REQUEST ID : ', '2016-10-26 16:30:00'),
(108, 'RENT REQUEST ID : ', '2016-10-26 17:00:00'),
(109, 'RENT REQUEST ID : ', '2016-10-26 17:30:00'),
(110, 'RENT REQUEST ID : ', '2016-10-26 18:00:00'),
(111, 'RENT REQUEST ID : ', '2016-10-26 18:30:00'),
(112, 'RENT REQUEST ID : ', '2016-10-26 19:00:00'),
(113, 'RENT REQUEST ID : ', '2016-10-26 19:30:00'),
(114, 'RENT REQUEST ID : ', '2016-10-26 20:00:00'),
(115, 'RENT REQUEST ID : ', '2016-10-26 20:30:00'),
(116, 'RENT REQUEST ID : ', '2016-10-26 21:00:00'),
(117, 'RENT REQUEST ID : ', '2016-10-26 21:30:00'),
(118, 'RENT REQUEST ID : ', '2016-10-26 22:00:00'),
(119, 'RENT REQUEST ID : ', '2016-10-26 22:30:00'),
(120, 'RENT REQUEST ID : ', '2016-10-26 23:00:00'),
(121, 'RENT REQUEST ID : ', '2016-10-26 23:30:00'),
(122, 'RENT REQUEST ID : ', '2016-10-27 00:00:00'),
(123, 'RENT REQUEST ID : ', '2016-10-27 00:30:00'),
(124, 'RENT REQUEST ID : ', '2016-10-27 01:00:00'),
(125, 'RENT REQUEST ID : ', '2016-10-27 01:30:00'),
(126, 'RENT REQUEST ID : ', '2016-10-27 02:00:00'),
(127, 'RENT REQUEST ID : ', '2016-10-27 02:30:00'),
(128, 'RENT REQUEST ID : ', '2016-10-27 03:00:00'),
(129, 'RENT REQUEST ID : ', '2016-10-27 03:30:00'),
(130, 'RENT REQUEST ID : ', '2016-10-27 04:00:00'),
(131, 'RENT REQUEST ID : ', '2016-10-27 04:30:00'),
(132, 'RENT REQUEST ID : ', '2016-10-27 05:00:00'),
(133, 'RENT REQUEST ID : ', '2016-10-27 05:30:00'),
(134, 'RENT REQUEST ID : ', '2016-10-27 06:00:00'),
(135, 'RENT REQUEST ID : ', '2016-10-27 06:30:00'),
(136, 'RENT REQUEST ID : ', '2016-10-27 07:00:00'),
(137, 'RENT REQUEST ID : ', '2016-10-27 07:30:00'),
(138, 'RENT REQUEST ID : ', '2016-10-27 08:00:00'),
(139, 'RENT REQUEST ID : ', '2016-10-27 08:30:00'),
(140, 'RENT REQUEST ID : ', '2016-10-27 09:30:00'),
(141, 'RENT REQUEST ID : ', '2016-10-27 10:00:00'),
(142, 'RENT REQUEST ID : ', '2016-10-27 10:30:00'),
(143, 'RENT REQUEST ID : ', '2016-10-27 11:00:00'),
(144, 'RENT REQUEST ID :  159', '2016-10-27 12:00:00'),
(145, 'RENT REQUEST ID : ', '2016-10-27 12:30:00'),
(146, 'RENT REQUEST ID : ', '2016-10-27 13:00:00'),
(147, 'RENT REQUEST ID : ', '2016-10-27 13:30:00'),
(148, 'RENT REQUEST ID : ', '2016-10-27 14:00:00'),
(149, 'RENT REQUEST ID : ', '2016-10-27 14:30:00'),
(150, 'RENT REQUEST ID : ', '2016-10-27 15:00:00'),
(151, 'RENT REQUEST ID : ', '2016-10-27 15:30:00'),
(152, 'RENT REQUEST ID : ', '2016-10-27 16:00:00'),
(153, 'RENT REQUEST ID : ', '2016-10-27 16:30:00'),
(154, 'RENT REQUEST ID : ', '2016-10-27 17:00:00'),
(155, 'RENT REQUEST ID : ', '2016-10-27 17:30:00'),
(156, 'RENT REQUEST ID : ', '2016-10-27 18:00:00'),
(157, 'RENT REQUEST ID : ', '2016-10-27 18:30:00'),
(158, 'RENT REQUEST ID : ', '2016-10-27 19:00:00'),
(159, 'RENT REQUEST ID : ', '2016-10-27 19:30:00'),
(160, 'RENT REQUEST ID : ', '2016-10-27 20:00:00'),
(161, 'RENT REQUEST ID : ', '2016-10-27 20:30:00'),
(162, 'RENT REQUEST ID : ', '2016-10-27 21:00:00'),
(163, 'RENT REQUEST ID : ', '2016-10-27 21:30:00'),
(164, 'RENT REQUEST ID : ', '2016-10-27 22:00:00'),
(165, 'RENT REQUEST ID : ', '2016-10-27 22:30:00'),
(166, 'RENT REQUEST ID : ', '2016-10-27 23:00:00'),
(167, 'RENT REQUEST ID : ', '2016-10-27 23:30:00'),
(168, 'RENT REQUEST ID : ', '2016-10-28 00:00:00'),
(169, 'RENT REQUEST ID : ', '2016-10-28 00:30:00'),
(170, 'RENT REQUEST ID : ', '2016-10-28 01:00:00'),
(171, 'RENT REQUEST ID : ', '2016-10-28 01:30:00'),
(172, 'RENT REQUEST ID : ', '2016-10-28 02:00:00'),
(173, 'RENT REQUEST ID : ', '2016-10-28 02:30:00'),
(174, 'RENT REQUEST ID : ', '2016-10-28 03:00:00'),
(175, 'RENT REQUEST ID : ', '2016-10-28 03:30:00'),
(176, 'RENT REQUEST ID : ', '2016-10-28 04:00:00'),
(177, 'RENT REQUEST ID : ', '2016-10-28 04:30:00'),
(178, 'RENT REQUEST ID : ', '2016-10-28 05:00:00'),
(179, 'RENT REQUEST ID : ', '2016-10-28 05:30:00'),
(180, 'RENT REQUEST ID : ', '2016-10-28 06:00:00'),
(181, 'RENT REQUEST ID : ', '2016-10-28 06:30:00'),
(182, 'RENT REQUEST ID : ', '2016-10-28 07:00:00'),
(183, 'RENT REQUEST ID : ', '2016-10-28 07:30:00'),
(184, 'RENT REQUEST ID : ', '2016-10-28 08:00:00'),
(185, 'RENT REQUEST ID : ', '2016-10-28 08:30:00'),
(186, 'RENT REQUEST ID : ', '2016-10-28 09:00:00'),
(187, 'RENT REQUEST ID : ', '2016-10-28 09:30:00'),
(188, 'RENT REQUEST ID : ', '2016-10-28 10:00:00'),
(189, 'RENT REQUEST ID : ', '2016-10-28 10:30:00'),
(190, 'RENT REQUEST ID : ', '2016-10-28 11:00:00'),
(191, 'RENT REQUEST ID : ', '2016-10-28 11:30:00'),
(192, 'RENT REQUEST ID : ', '2016-10-28 12:00:00'),
(193, 'RENT REQUEST ID : ', '2016-10-28 12:30:00'),
(194, 'RENT REQUEST ID : ', '2016-10-28 13:00:00'),
(195, 'RENT REQUEST ID : ', '2016-10-28 13:30:00'),
(196, 'RENT REQUEST ID : ', '2016-10-28 14:00:00'),
(197, 'RENT REQUEST ID : ', '2016-10-28 14:30:00'),
(198, 'RENT REQUEST ID : ', '2016-10-28 15:00:00'),
(199, 'RENT REQUEST ID : ', '2016-10-28 15:30:00'),
(200, 'RENT REQUEST ID : ', '2016-10-28 16:00:00'),
(201, 'RENT REQUEST ID : ', '2016-10-28 16:30:00'),
(202, 'RENT REQUEST ID : ', '2016-10-28 17:00:00'),
(203, 'RENT REQUEST ID : ', '2016-10-28 17:30:00'),
(204, 'RENT REQUEST ID : ', '2016-10-28 18:00:00'),
(205, 'RENT REQUEST ID : ', '2016-10-28 18:30:00'),
(206, 'RENT REQUEST ID : ', '2016-10-28 19:00:00'),
(207, 'RENT REQUEST ID : ', '2016-10-28 19:30:00'),
(208, 'RENT REQUEST ID : ', '2016-10-28 20:00:00'),
(209, 'RENT REQUEST ID : ', '2016-10-28 20:30:00'),
(210, 'RENT REQUEST ID : ', '2016-10-28 21:00:00'),
(211, 'RENT REQUEST ID : ', '2016-10-28 21:30:00'),
(212, 'RENT REQUEST ID : ', '2016-10-28 22:00:00'),
(213, 'RENT REQUEST ID : ', '2016-10-28 22:30:00'),
(214, 'RENT REQUEST ID : ', '2016-10-28 23:00:00'),
(215, 'RENT REQUEST ID : ', '2016-10-28 23:30:00'),
(216, 'RENT REQUEST ID : ', '2016-10-29 00:00:00'),
(217, 'RENT REQUEST ID : ', '2016-10-29 00:30:00'),
(218, 'RENT REQUEST ID : ', '2016-10-29 01:00:00'),
(219, 'RENT REQUEST ID : ', '2016-10-29 01:30:00'),
(220, 'RENT REQUEST ID : ', '2016-10-29 02:00:00'),
(221, 'RENT REQUEST ID : ', '2016-10-29 02:30:00'),
(222, 'RENT REQUEST ID : ', '2016-10-29 03:00:00'),
(223, 'RENT REQUEST ID : ', '2016-10-29 03:30:00'),
(224, 'RENT REQUEST ID : ', '2016-10-29 04:00:00'),
(225, 'RENT REQUEST ID : ', '2016-10-29 04:30:00'),
(226, 'RENT REQUEST ID : ', '2016-10-29 05:00:00'),
(227, 'RENT REQUEST ID : ', '2016-10-29 05:30:00'),
(228, 'RENT REQUEST ID : ', '2016-10-29 06:00:00'),
(229, 'RENT REQUEST ID : ', '2016-10-29 06:30:00'),
(230, 'RENT REQUEST ID : ', '2016-10-29 07:00:00'),
(231, 'RENT REQUEST ID : ', '2016-10-29 07:30:00'),
(232, 'RENT REQUEST ID : ', '2016-10-29 08:00:00'),
(233, 'RENT REQUEST ID : ', '2016-10-29 08:30:00'),
(234, 'RENT REQUEST ID : ', '2016-10-29 09:00:00'),
(235, 'RENT REQUEST ID : ', '2016-10-29 09:30:00'),
(236, 'RENT REQUEST ID : ', '2016-10-29 10:00:00'),
(237, 'RENT REQUEST ID : ', '2016-10-29 10:30:00'),
(238, 'RENT REQUEST ID : ', '2016-10-29 11:00:00'),
(239, 'RENT REQUEST ID : ', '2016-10-29 11:30:00'),
(240, 'RENT REQUEST ID : ', '2016-10-29 12:00:00'),
(241, 'RENT REQUEST ID : ', '2016-10-29 12:30:00'),
(242, 'RENT REQUEST ID : ', '2016-10-29 13:00:00'),
(243, 'RENT REQUEST ID : ', '2016-10-29 13:30:00'),
(244, 'RENT REQUEST ID : ', '2016-10-29 14:00:00'),
(245, 'RENT REQUEST ID : ', '2016-10-29 14:30:00'),
(246, 'RENT REQUEST ID : ', '2016-10-29 15:00:00'),
(247, 'RENT REQUEST ID : ', '2016-10-29 15:30:00'),
(248, 'RENT REQUEST ID : ', '2016-10-29 16:00:00'),
(249, 'RENT REQUEST ID : ', '2016-10-29 16:30:00'),
(250, 'RENT REQUEST ID : ', '2016-10-29 17:00:00'),
(251, 'RENT REQUEST ID : ', '2016-10-29 17:30:00'),
(252, 'RENT REQUEST ID : ', '2016-10-29 18:00:00'),
(253, 'RENT REQUEST ID : ', '2016-10-29 18:30:00'),
(254, 'RENT REQUEST ID : ', '2016-10-29 19:00:00'),
(255, 'RENT REQUEST ID : ', '2016-10-29 19:30:00'),
(256, 'RENT REQUEST ID : ', '2016-10-29 20:00:00'),
(257, 'RENT REQUEST ID : ', '2016-10-29 20:30:00'),
(258, 'RENT REQUEST ID : ', '2016-10-29 21:00:00'),
(259, 'RENT REQUEST ID : ', '2016-10-29 21:30:00'),
(260, 'RENT REQUEST ID : ', '2016-10-29 22:00:00'),
(261, 'RENT REQUEST ID : ', '2016-10-29 22:30:00'),
(262, 'RENT REQUEST ID : ', '2016-10-29 23:00:00'),
(263, 'RENT REQUEST ID : ', '2016-10-29 23:30:00'),
(264, 'RENT REQUEST ID : ', '2016-10-30 00:00:00'),
(265, 'RENT REQUEST ID : ', '2016-10-30 00:30:00'),
(266, 'RENT REQUEST ID : ', '2016-10-30 01:00:00'),
(267, 'RENT REQUEST ID : ', '2016-10-30 01:30:00'),
(268, 'RENT REQUEST ID : ', '2016-10-30 02:00:00'),
(269, 'RENT REQUEST ID : ', '2016-10-30 02:30:00'),
(270, 'RENT REQUEST ID : ', '2016-10-30 03:00:00'),
(271, 'RENT REQUEST ID : ', '2016-10-30 03:30:00'),
(272, 'RENT REQUEST ID : ', '2016-10-30 04:00:00'),
(273, 'RENT REQUEST ID : ', '2016-10-30 04:30:00'),
(274, 'RENT REQUEST ID : ', '2016-10-30 05:00:00'),
(275, 'RENT REQUEST ID : ', '2016-10-30 05:30:00'),
(276, 'RENT REQUEST ID : ', '2016-10-30 06:00:00'),
(277, 'RENT REQUEST ID : ', '2016-10-30 06:30:00'),
(278, 'RENT REQUEST ID : ', '2016-10-30 07:00:00'),
(279, 'RENT REQUEST ID : ', '2016-10-30 07:30:00'),
(280, 'RENT REQUEST ID : ', '2016-10-30 08:00:00'),
(281, 'RENT REQUEST ID : ', '2016-10-30 08:30:00'),
(282, 'RENT REQUEST ID : ', '2016-10-30 09:00:00'),
(283, 'RENT REQUEST ID : ', '2016-10-30 09:30:00'),
(284, 'RENT REQUEST ID : ', '2016-10-30 10:00:00'),
(285, 'RENT REQUEST ID : ', '2016-10-30 10:30:00'),
(286, 'RENT REQUEST ID : ', '2016-10-30 11:00:00'),
(287, 'RENT REQUEST ID : ', '2016-10-30 11:30:00'),
(288, 'RENT REQUEST ID : ', '2016-10-30 12:00:00'),
(289, 'RENT REQUEST ID : ', '2016-10-30 12:30:00'),
(290, 'RENT REQUEST ID : ', '2016-10-30 13:00:00'),
(291, 'RENT REQUEST ID : ', '2016-10-30 13:30:00'),
(292, 'RENT REQUEST ID : ', '2016-10-30 14:00:00'),
(293, 'RENT REQUEST ID : ', '2016-10-30 14:30:00'),
(294, 'RENT REQUEST ID : ', '2016-10-30 15:00:00'),
(295, 'RENT REQUEST ID : ', '2016-10-30 15:30:00'),
(296, 'RENT REQUEST ID : ', '2016-10-30 16:00:00'),
(297, 'RENT REQUEST ID : ', '2016-10-30 16:30:00'),
(298, 'RENT REQUEST ID : ', '2016-10-30 17:00:00'),
(299, 'RENT REQUEST ID : ', '2016-10-30 17:30:00'),
(300, 'RENT REQUEST ID : ', '2016-10-30 18:00:00'),
(301, 'RENT REQUEST ID : ', '2016-10-30 18:30:00'),
(302, 'RENT REQUEST ID : ', '2016-10-30 19:00:00'),
(303, 'RENT REQUEST ID : ', '2016-10-30 19:30:00'),
(304, 'RENT REQUEST ID : ', '2016-10-30 20:00:00'),
(305, 'RENT REQUEST ID : ', '2016-10-30 20:30:00'),
(306, 'RENT REQUEST ID : ', '2016-10-30 21:00:00'),
(307, 'RENT REQUEST ID : ', '2016-10-30 21:30:00'),
(308, 'RENT REQUEST ID : ', '2016-10-30 22:00:00'),
(309, 'RENT REQUEST ID : ', '2016-10-30 22:30:00'),
(310, 'RENT REQUEST ID : ', '2016-10-30 23:00:00'),
(311, 'RENT REQUEST ID : ', '2016-10-30 23:30:00'),
(312, 'RENT REQUEST ID : ', '2016-10-31 00:00:00'),
(313, 'RENT REQUEST ID : ', '2016-10-31 00:30:00'),
(314, 'RENT REQUEST ID : ', '2016-10-31 01:00:00'),
(315, 'RENT REQUEST ID : ', '2016-10-31 01:30:00'),
(316, 'RENT REQUEST ID : ', '2016-10-31 02:00:00'),
(317, 'RENT REQUEST ID : ', '2016-10-31 02:30:00'),
(318, 'RENT REQUEST ID : ', '2016-10-31 03:00:00'),
(319, 'RENT REQUEST ID : ', '2016-10-31 03:30:00'),
(320, 'RENT REQUEST ID : ', '2016-10-31 04:00:00'),
(321, 'RENT REQUEST ID : ', '2016-10-31 04:30:00'),
(322, 'RENT REQUEST ID : ', '2016-10-31 05:00:00'),
(323, 'RENT REQUEST ID : ', '2016-10-31 05:30:00'),
(324, 'RENT REQUEST ID : ', '2016-10-31 06:00:00'),
(325, 'RENT REQUEST ID : ', '2016-10-31 06:30:00'),
(326, 'RENT REQUEST ID : ', '2016-10-31 07:00:00'),
(327, 'RENT REQUEST ID : ', '2016-10-31 07:30:00'),
(328, 'RENT REQUEST ID : ', '2016-10-31 08:00:00'),
(329, 'RENT REQUEST ID :  162', '2016-10-31 08:30:00'),
(330, 'RENT REQUEST ID : ', '2016-10-31 09:00:00'),
(331, 'RENT REQUEST ID : ', '2016-10-31 09:30:00'),
(332, 'RENT REQUEST ID : ', '2016-10-31 10:00:00'),
(333, 'RENT REQUEST ID :  163 164', '2016-10-31 10:30:00'),
(334, 'RENT REQUEST ID : ', '2016-10-31 11:00:00'),
(335, 'RENT REQUEST ID : ', '2016-10-31 11:30:00'),
(336, 'RENT REQUEST ID : ', '2016-10-31 12:00:00'),
(337, 'RENT REQUEST ID : ', '2016-10-31 12:30:00'),
(338, 'RENT REQUEST ID : ', '2016-10-31 13:00:00'),
(339, 'RENT REQUEST ID : ', '2016-10-31 13:30:00'),
(340, 'RENT REQUEST ID : ', '2016-10-31 14:00:00'),
(341, 'RENT REQUEST ID : ', '2016-10-31 14:30:00'),
(342, 'RENT REQUEST ID : ', '2016-10-31 15:00:00'),
(343, 'RENT REQUEST ID : ', '2016-10-31 15:30:00'),
(344, 'RENT REQUEST ID : ', '2016-10-31 16:00:00'),
(345, 'RENT REQUEST ID : ', '2016-10-31 16:30:00'),
(346, 'RENT REQUEST ID : ', '2016-10-31 17:00:00'),
(347, 'RENT REQUEST ID : ', '2016-10-31 17:30:00'),
(348, 'RENT REQUEST ID : ', '2016-10-31 18:00:00'),
(349, 'RENT REQUEST ID : ', '2016-10-31 18:30:00'),
(350, 'RENT REQUEST ID : ', '2016-10-31 19:00:00'),
(351, 'RENT REQUEST ID : ', '2016-10-31 19:30:00'),
(352, 'RENT REQUEST ID : ', '2016-10-31 20:00:00'),
(353, 'RENT REQUEST ID : ', '2016-10-31 20:30:00'),
(354, 'RENT REQUEST ID : ', '2016-10-31 21:00:00'),
(355, 'RENT REQUEST ID : ', '2016-10-31 21:30:00'),
(356, 'RENT REQUEST ID : ', '2016-10-31 22:00:00'),
(357, 'RENT REQUEST ID : ', '2016-10-31 22:30:00'),
(358, 'RENT REQUEST ID : ', '2016-10-31 23:00:00'),
(359, 'RENT REQUEST ID : ', '2016-10-31 23:30:00'),
(360, 'RENT REQUEST ID : ', '2016-11-01 00:00:00'),
(361, 'RENT REQUEST ID : ', '2016-11-01 00:30:00'),
(362, 'RENT REQUEST ID : ', '2016-11-01 01:00:00'),
(363, 'RENT REQUEST ID : ', '2016-11-01 01:30:00'),
(364, 'RENT REQUEST ID : ', '2016-11-01 02:00:00'),
(365, 'RENT REQUEST ID : ', '2016-11-01 02:30:00'),
(366, 'RENT REQUEST ID : ', '2016-11-01 03:00:00'),
(367, 'RENT REQUEST ID : ', '2016-11-01 03:30:00'),
(368, 'RENT REQUEST ID : ', '2016-11-01 04:00:00'),
(369, 'RENT REQUEST ID : ', '2016-11-01 04:30:00'),
(370, 'RENT REQUEST ID : ', '2016-11-01 05:00:00'),
(371, 'RENT REQUEST ID : ', '2016-11-01 05:30:00'),
(372, 'RENT REQUEST ID : ', '2016-11-01 06:00:00'),
(373, 'RENT REQUEST ID : ', '2016-11-01 06:30:00'),
(374, 'RENT REQUEST ID : ', '2016-11-01 07:00:00'),
(375, 'RENT REQUEST ID : ', '2016-11-01 07:30:00'),
(376, 'RENT REQUEST ID : ', '2016-11-01 08:00:00'),
(377, 'RENT REQUEST ID : ', '2016-11-01 08:30:00'),
(378, 'RENT REQUEST ID : ', '2016-11-01 09:00:00'),
(379, 'RENT REQUEST ID : ', '2016-11-01 09:30:00'),
(380, 'RENT REQUEST ID : ', '2016-11-01 10:00:00'),
(381, 'RENT REQUEST ID : ', '2016-11-01 10:30:00'),
(382, 'RENT REQUEST ID : ', '2016-11-01 11:00:00'),
(383, 'RENT REQUEST ID : ', '2016-11-01 11:30:00'),
(384, 'RENT REQUEST ID : ', '2016-11-01 12:00:00'),
(385, 'RENT REQUEST ID :  165', '2016-11-01 12:30:00'),
(386, 'RENT REQUEST ID : ', '2016-11-01 13:00:00'),
(387, 'RENT REQUEST ID : ', '2016-11-01 13:30:00'),
(388, 'RENT REQUEST ID : ', '2016-11-01 14:00:00'),
(389, 'RENT REQUEST ID : ', '2016-11-01 14:30:00'),
(390, 'RENT REQUEST ID : ', '2016-11-01 15:00:00'),
(391, 'RENT REQUEST ID : ', '2016-11-01 15:30:00'),
(392, 'RENT REQUEST ID : ', '2016-11-01 16:00:00'),
(393, 'RENT REQUEST ID : ', '2016-11-01 16:30:00'),
(394, 'RENT REQUEST ID : ', '2016-11-01 17:00:00'),
(395, 'RENT REQUEST ID : ', '2016-11-01 17:30:00'),
(396, 'RENT REQUEST ID : ', '2016-11-01 18:00:00'),
(397, 'RENT REQUEST ID : ', '2016-11-01 18:30:00'),
(398, 'RENT REQUEST ID : ', '2016-11-01 19:00:00'),
(399, 'RENT REQUEST ID : ', '2016-11-01 19:30:00'),
(400, 'RENT REQUEST ID : ', '2016-11-01 20:00:00'),
(401, 'RENT REQUEST ID : ', '2016-11-01 20:30:00'),
(402, 'RENT REQUEST ID : ', '2016-11-01 21:00:00'),
(403, 'RENT REQUEST ID : ', '2016-11-01 21:30:00'),
(404, 'RENT REQUEST ID : ', '2016-11-01 22:00:00'),
(405, 'RENT REQUEST ID : ', '2016-11-01 22:30:00'),
(406, 'RENT REQUEST ID : ', '2016-11-01 23:00:00'),
(407, 'RENT REQUEST ID : ', '2016-11-01 23:30:00'),
(408, 'RENT REQUEST ID : ', '2016-11-02 00:00:00'),
(409, 'RENT REQUEST ID : ', '2016-11-02 00:30:00'),
(410, 'RENT REQUEST ID : ', '2016-11-02 01:00:00'),
(411, 'RENT REQUEST ID : ', '2016-11-02 01:30:00'),
(412, 'RENT REQUEST ID : ', '2016-11-02 02:00:00'),
(413, 'RENT REQUEST ID : ', '2016-11-02 02:30:00'),
(414, 'RENT REQUEST ID : ', '2016-11-02 03:00:00'),
(415, 'RENT REQUEST ID : ', '2016-11-02 03:30:00'),
(416, 'RENT REQUEST ID : ', '2016-11-02 04:00:00'),
(417, 'RENT REQUEST ID : ', '2016-11-02 04:30:00'),
(418, 'RENT REQUEST ID : ', '2016-11-02 05:00:00'),
(419, 'RENT REQUEST ID : ', '2016-11-02 05:30:00'),
(420, 'RENT REQUEST ID : ', '2016-11-02 06:00:00'),
(421, 'RENT REQUEST ID : ', '2016-11-02 06:30:00'),
(422, 'RENT REQUEST ID : ', '2016-11-02 07:00:00'),
(423, 'RENT REQUEST ID : ', '2016-11-02 07:30:00'),
(424, 'RENT REQUEST ID : ', '2016-11-02 08:00:00'),
(425, 'RENT REQUEST ID : ', '2016-11-02 08:30:00'),
(426, 'RENT REQUEST ID : ', '2016-11-02 09:00:00'),
(427, 'RENT REQUEST ID : ', '2016-11-02 09:30:00'),
(428, 'RENT REQUEST ID : ', '2016-11-02 10:00:00'),
(429, 'RENT REQUEST ID : ', '2016-11-02 10:30:00'),
(430, 'RENT REQUEST ID : ', '2016-11-02 11:00:00'),
(431, 'RENT REQUEST ID : ', '2016-11-02 11:30:00'),
(432, 'RENT REQUEST ID : ', '2016-11-02 12:00:00'),
(433, 'RENT REQUEST ID : ', '2016-11-02 12:30:00'),
(434, 'RENT REQUEST ID : ', '2016-11-02 13:00:00'),
(435, 'RENT REQUEST ID : ', '2016-11-02 13:30:00'),
(436, 'RENT REQUEST ID : ', '2016-11-02 14:00:00'),
(437, 'RENT REQUEST ID : ', '2016-11-02 14:30:00'),
(438, 'RENT REQUEST ID : ', '2016-11-02 15:00:00'),
(439, 'RENT REQUEST ID : ', '2016-11-02 15:30:00'),
(440, 'RENT REQUEST ID : ', '2016-11-02 16:00:00'),
(441, 'RENT REQUEST ID : ', '2016-11-02 16:30:00'),
(442, 'RENT REQUEST ID : ', '2016-11-02 17:00:00'),
(443, 'RENT REQUEST ID : ', '2016-11-02 17:30:00'),
(444, 'RENT REQUEST ID : ', '2016-11-02 18:00:00'),
(445, 'RENT REQUEST ID : ', '2016-11-02 18:30:00'),
(446, 'RENT REQUEST ID : ', '2016-11-02 19:00:00'),
(447, 'RENT REQUEST ID : ', '2016-11-02 19:30:00'),
(448, 'RENT REQUEST ID : ', '2016-11-02 20:00:00'),
(449, 'RENT REQUEST ID : ', '2016-11-02 20:30:00'),
(450, 'RENT REQUEST ID : ', '2016-11-02 21:00:00'),
(451, 'RENT REQUEST ID : ', '2016-11-02 21:30:00'),
(452, 'RENT REQUEST ID : ', '2016-11-02 22:00:00'),
(453, 'RENT REQUEST ID : ', '2016-11-02 22:30:00'),
(454, 'RENT REQUEST ID : ', '2016-11-02 23:00:00'),
(455, 'RENT REQUEST ID : ', '2016-11-02 23:30:00'),
(456, 'RENT REQUEST ID : ', '2016-11-03 00:00:00'),
(457, 'RENT REQUEST ID : ', '2016-11-03 00:30:00'),
(458, 'RENT REQUEST ID : ', '2016-11-03 01:00:00'),
(459, 'RENT REQUEST ID : ', '2016-11-03 01:30:00'),
(460, 'RENT REQUEST ID : ', '2016-11-03 02:00:00'),
(461, 'RENT REQUEST ID : ', '2016-11-03 02:30:00'),
(462, 'RENT REQUEST ID : ', '2016-11-03 03:00:00'),
(463, 'RENT REQUEST ID : ', '2016-11-03 03:30:00'),
(464, 'RENT REQUEST ID : ', '2016-11-03 04:00:00'),
(465, 'RENT REQUEST ID : ', '2016-11-03 04:30:00'),
(466, 'RENT REQUEST ID : ', '2016-11-03 05:00:00'),
(467, 'RENT REQUEST ID :  166', '2016-11-03 05:30:00'),
(468, 'RENT REQUEST ID : ', '2016-11-03 06:00:00'),
(469, 'RENT REQUEST ID : ', '2016-11-03 07:00:00'),
(470, 'RENT REQUEST ID : ', '2016-11-03 07:30:00'),
(471, 'RENT REQUEST ID : ', '2016-11-03 08:00:00'),
(472, 'RENT REQUEST ID : ', '2016-11-03 08:30:00'),
(473, 'RENT REQUEST ID : ', '2016-11-03 09:00:00'),
(474, 'RENT REQUEST ID : ', '2016-11-03 09:30:00'),
(475, 'RENT REQUEST ID : ', '2016-11-03 10:00:00'),
(476, 'RENT REQUEST ID : ', '2016-11-03 10:30:00'),
(477, 'RENT REQUEST ID : ', '2016-11-03 11:00:00'),
(478, 'RENT REQUEST ID : ', '2016-11-03 11:30:00'),
(479, 'RENT REQUEST ID :  168 169', '2016-11-03 12:00:00'),
(480, 'RENT REQUEST ID : ', '2016-11-03 12:30:00'),
(481, 'RENT REQUEST ID : ', '2016-11-03 13:00:00'),
(482, 'RENT REQUEST ID : ', '2016-11-03 13:30:00'),
(483, 'RENT REQUEST ID : ', '2016-11-03 14:00:00'),
(484, 'RENT REQUEST ID : ', '2016-11-03 14:30:00'),
(485, 'RENT REQUEST ID : ', '2016-11-03 15:00:00'),
(486, 'RENT REQUEST ID : ', '2016-11-03 15:30:00'),
(487, 'RENT REQUEST ID : ', '2016-11-03 16:00:00'),
(488, 'RENT REQUEST ID : ', '2016-11-03 16:30:00'),
(489, 'RENT REQUEST ID : ', '2016-11-03 17:00:00'),
(490, 'RENT REQUEST ID : ', '2016-11-03 17:30:00'),
(491, 'RENT REQUEST ID : ', '2016-11-03 18:00:00'),
(492, 'RENT REQUEST ID : ', '2016-11-03 18:30:00'),
(493, 'RENT REQUEST ID : ', '2016-11-03 19:00:00'),
(494, 'RENT REQUEST ID : ', '2016-11-03 19:30:00'),
(495, 'RENT REQUEST ID : ', '2016-11-03 20:00:00'),
(496, 'RENT REQUEST ID : ', '2016-11-03 20:30:00'),
(497, 'RENT REQUEST ID : ', '2016-11-03 21:00:00'),
(498, 'RENT REQUEST ID : ', '2016-11-03 21:30:00'),
(499, 'RENT REQUEST ID : ', '2016-11-03 22:00:00'),
(500, 'RENT REQUEST ID : ', '2016-11-03 22:30:00'),
(501, 'RENT REQUEST ID : ', '2016-11-03 23:00:00'),
(502, 'RENT REQUEST ID : ', '2016-11-03 23:30:00'),
(503, 'RENT REQUEST ID : ', '2016-11-04 00:00:00'),
(504, 'RENT REQUEST ID : ', '2016-11-04 00:30:00'),
(505, 'RENT REQUEST ID : ', '2016-11-04 01:00:00'),
(506, 'RENT REQUEST ID : ', '2016-11-04 01:30:00'),
(507, 'RENT REQUEST ID : ', '2016-11-04 02:00:00'),
(508, 'RENT REQUEST ID : ', '2016-11-04 02:30:00'),
(509, 'RENT REQUEST ID : ', '2016-11-04 03:00:00'),
(510, 'RENT REQUEST ID : ', '2016-11-04 03:30:00'),
(511, 'RENT REQUEST ID : ', '2016-11-04 04:00:00'),
(512, 'RENT REQUEST ID : ', '2016-11-04 04:30:00'),
(513, 'RENT REQUEST ID : ', '2016-11-04 05:00:00'),
(514, 'RENT REQUEST ID : ', '2016-11-04 05:30:00'),
(515, 'RENT REQUEST ID : ', '2016-11-04 06:00:00'),
(516, 'RENT REQUEST ID : ', '2016-11-04 06:30:00'),
(517, 'RENT REQUEST ID : ', '2016-11-04 07:00:00'),
(518, 'RENT REQUEST ID : ', '2016-11-04 07:30:00'),
(519, 'RENT REQUEST ID : ', '2016-11-04 08:00:00'),
(520, 'RENT REQUEST ID :  170', '2016-11-04 08:30:00'),
(521, 'RENT REQUEST ID : ', '2016-11-04 09:00:00'),
(522, 'RENT REQUEST ID : ', '2016-11-04 09:30:00'),
(523, 'RENT REQUEST ID : ', '2016-11-04 10:00:00'),
(524, 'RENT REQUEST ID : ', '2016-11-04 10:30:00'),
(525, 'RENT REQUEST ID : ', '2016-11-04 11:00:00'),
(526, 'RENT REQUEST ID : ', '2016-11-04 11:30:00'),
(527, 'RENT REQUEST ID : ', '2016-11-04 12:00:00'),
(528, 'RENT REQUEST ID : ', '2016-11-04 12:30:00'),
(529, 'RENT REQUEST ID : ', '2016-11-04 13:00:00'),
(530, 'RENT REQUEST ID : ', '2016-11-04 13:30:00'),
(531, 'RENT REQUEST ID : ', '2016-11-04 14:00:00'),
(532, 'RENT REQUEST ID : ', '2016-11-04 14:30:00'),
(533, 'RENT REQUEST ID : ', '2016-11-04 15:00:00'),
(534, 'RENT REQUEST ID : ', '2016-11-04 15:30:00'),
(535, 'RENT REQUEST ID : ', '2016-11-04 16:00:00'),
(536, 'RENT REQUEST ID : ', '2016-11-04 16:30:00'),
(537, 'RENT REQUEST ID : ', '2016-11-04 17:00:00'),
(538, 'RENT REQUEST ID : ', '2016-11-04 17:30:00'),
(539, 'RENT REQUEST ID : ', '2016-11-04 18:00:00'),
(540, 'RENT REQUEST ID : ', '2016-11-04 18:30:00'),
(541, 'RENT REQUEST ID : ', '2016-11-04 19:00:00'),
(542, 'RENT REQUEST ID : ', '2016-11-04 19:30:00'),
(543, 'RENT REQUEST ID : ', '2016-11-04 20:00:00'),
(544, 'RENT REQUEST ID : ', '2016-11-04 20:30:00'),
(545, 'RENT REQUEST ID : ', '2016-11-04 21:00:00'),
(546, 'RENT REQUEST ID : ', '2016-11-04 21:30:00'),
(547, 'RENT REQUEST ID : ', '2016-11-04 22:00:00'),
(548, 'RENT REQUEST ID : ', '2016-11-04 22:30:00'),
(549, 'RENT REQUEST ID : ', '2016-11-04 23:00:00'),
(550, 'RENT REQUEST ID : ', '2016-11-04 23:30:00'),
(551, 'RENT REQUEST ID : ', '2016-11-05 00:00:00'),
(552, 'RENT REQUEST ID : ', '2016-11-05 00:30:00'),
(553, 'RENT REQUEST ID : ', '2016-11-05 01:00:00'),
(554, 'RENT REQUEST ID : ', '2016-11-05 01:30:00'),
(555, 'RENT REQUEST ID : ', '2016-11-05 02:00:00'),
(556, 'RENT REQUEST ID : ', '2016-11-05 02:30:00'),
(557, 'RENT REQUEST ID : ', '2016-11-05 03:00:00'),
(558, 'RENT REQUEST ID : ', '2016-11-05 03:30:00'),
(559, 'RENT REQUEST ID : ', '2016-11-05 04:00:00'),
(560, 'RENT REQUEST ID : ', '2016-11-05 04:30:00'),
(561, 'RENT REQUEST ID : ', '2016-11-05 05:00:00'),
(562, 'RENT REQUEST ID : ', '2016-11-05 05:30:00'),
(563, 'RENT REQUEST ID : ', '2016-11-05 06:00:00'),
(564, 'RENT REQUEST ID : ', '2016-11-05 06:30:00'),
(565, 'RENT REQUEST ID : ', '2016-11-05 07:00:00'),
(566, 'RENT REQUEST ID : ', '2016-11-05 07:30:00'),
(567, 'RENT REQUEST ID : ', '2016-11-05 08:00:00'),
(568, 'RENT REQUEST ID : ', '2016-11-05 08:30:00'),
(569, 'RENT REQUEST ID : ', '2016-11-05 09:00:00'),
(570, 'RENT REQUEST ID : ', '2016-11-05 09:30:00'),
(571, 'RENT REQUEST ID : ', '2016-11-05 10:00:00'),
(572, 'RENT REQUEST ID : ', '2016-11-05 10:30:00'),
(573, 'RENT REQUEST ID : ', '2016-11-05 11:00:00'),
(574, 'RENT REQUEST ID : ', '2016-11-05 11:30:00'),
(575, 'RENT REQUEST ID : ', '2016-11-05 12:00:00'),
(576, 'RENT REQUEST ID : ', '2016-11-05 12:30:00'),
(577, 'RENT REQUEST ID : ', '2016-11-05 13:00:00'),
(578, 'RENT REQUEST ID : ', '2016-11-05 13:30:00'),
(579, 'RENT REQUEST ID : ', '2016-11-05 14:00:00'),
(580, 'RENT REQUEST ID : ', '2016-11-05 14:30:00'),
(581, 'RENT REQUEST ID : ', '2016-11-05 15:00:00'),
(582, 'RENT REQUEST ID : ', '2016-11-05 15:30:00'),
(583, 'RENT REQUEST ID : ', '2016-11-05 16:00:00'),
(584, 'RENT REQUEST ID : ', '2016-11-05 16:30:00'),
(585, 'RENT REQUEST ID : ', '2016-11-05 17:00:00'),
(586, 'RENT REQUEST ID : ', '2016-11-05 17:30:00'),
(587, 'RENT REQUEST ID : ', '2016-11-05 18:00:00'),
(588, 'RENT REQUEST ID : ', '2016-11-05 18:30:00'),
(589, 'RENT REQUEST ID : ', '2016-11-05 19:00:00'),
(590, 'RENT REQUEST ID : ', '2016-11-05 19:30:00'),
(591, 'RENT REQUEST ID : ', '2016-11-05 20:00:00'),
(592, 'RENT REQUEST ID : ', '2016-11-05 20:30:00'),
(593, 'RENT REQUEST ID : ', '2016-11-05 21:00:00'),
(594, 'RENT REQUEST ID : ', '2016-11-05 21:30:00'),
(595, 'RENT REQUEST ID : ', '2016-11-05 22:00:00'),
(596, 'RENT REQUEST ID : ', '2016-11-05 22:30:00'),
(597, 'RENT REQUEST ID : ', '2016-11-05 23:00:00'),
(598, 'RENT REQUEST ID : ', '2016-11-05 23:30:00'),
(599, 'RENT REQUEST ID : ', '2016-11-06 00:00:00'),
(600, 'RENT REQUEST ID : ', '2016-11-06 00:30:00'),
(601, 'RENT REQUEST ID : ', '2016-11-06 01:00:00'),
(602, 'RENT REQUEST ID : ', '2016-11-06 01:30:00'),
(603, 'RENT REQUEST ID : ', '2016-11-06 02:00:00'),
(604, 'RENT REQUEST ID : ', '2016-11-06 02:30:00'),
(605, 'RENT REQUEST ID : ', '2016-11-06 03:00:00'),
(606, 'RENT REQUEST ID : ', '2016-11-06 03:30:00'),
(607, 'RENT REQUEST ID : ', '2016-11-06 04:00:00'),
(608, 'RENT REQUEST ID : ', '2016-11-06 04:30:00'),
(609, 'RENT REQUEST ID : ', '2016-11-06 05:00:00'),
(610, 'RENT REQUEST ID : ', '2016-11-06 05:30:00'),
(611, 'RENT REQUEST ID : ', '2016-11-06 06:00:00'),
(612, 'RENT REQUEST ID : ', '2016-11-06 06:30:00'),
(613, 'RENT REQUEST ID : ', '2016-11-06 07:00:00'),
(614, 'RENT REQUEST ID : ', '2016-11-06 07:30:00'),
(615, 'RENT REQUEST ID : ', '2016-11-06 08:00:00'),
(616, 'RENT REQUEST ID : ', '2016-11-06 08:30:00'),
(617, 'RENT REQUEST ID : ', '2016-11-06 09:00:00'),
(618, 'RENT REQUEST ID : ', '2016-11-06 09:30:00'),
(619, 'RENT REQUEST ID : ', '2016-11-06 10:00:00'),
(620, 'RENT REQUEST ID : ', '2016-11-06 10:30:00'),
(621, 'RENT REQUEST ID : ', '2016-11-06 11:00:00'),
(622, 'RENT REQUEST ID : ', '2016-11-06 11:30:00'),
(623, 'RENT REQUEST ID : ', '2016-11-06 12:00:00'),
(624, 'RENT REQUEST ID : ', '2016-11-06 12:30:00'),
(625, 'RENT REQUEST ID : ', '2016-11-06 13:00:00'),
(626, 'RENT REQUEST ID : ', '2016-11-06 13:30:00'),
(627, 'RENT REQUEST ID : ', '2016-11-06 14:00:00'),
(628, 'RENT REQUEST ID : ', '2016-11-06 14:30:00'),
(629, 'RENT REQUEST ID : ', '2016-11-06 15:00:00'),
(630, 'RENT REQUEST ID : ', '2016-11-06 15:30:00'),
(631, 'RENT REQUEST ID : ', '2016-11-06 16:00:00'),
(632, 'RENT REQUEST ID : ', '2016-11-06 16:30:00'),
(633, 'RENT REQUEST ID : ', '2016-11-06 17:00:00'),
(634, 'RENT REQUEST ID : ', '2016-11-06 17:30:00'),
(635, 'RENT REQUEST ID : ', '2016-11-06 18:00:00'),
(636, 'RENT REQUEST ID : ', '2016-11-06 18:30:00'),
(637, 'RENT REQUEST ID : ', '2016-11-06 19:00:00'),
(638, 'RENT REQUEST ID :  171', '2016-11-06 19:30:00'),
(639, 'RENT REQUEST ID : ', '2016-11-06 20:00:00'),
(640, 'RENT REQUEST ID : ', '2016-11-06 20:30:00'),
(641, 'RENT REQUEST ID : ', '2016-11-06 21:00:00'),
(642, 'RENT REQUEST ID : ', '2016-11-06 21:30:00'),
(643, 'RENT REQUEST ID : ', '2016-11-06 22:00:00'),
(644, 'RENT REQUEST ID : ', '2016-11-06 22:30:00'),
(645, 'RENT REQUEST ID : ', '2016-11-06 23:00:00'),
(646, 'RENT REQUEST ID : ', '2016-11-06 23:30:00'),
(647, 'RENT REQUEST ID : ', '2016-11-07 00:00:00'),
(648, 'RENT REQUEST ID : ', '2016-11-07 00:30:00'),
(649, 'RENT REQUEST ID : ', '2016-11-07 01:00:00'),
(650, 'RENT REQUEST ID : ', '2016-11-07 01:30:00'),
(651, 'RENT REQUEST ID : ', '2016-11-07 02:00:00'),
(652, 'RENT REQUEST ID : ', '2016-11-07 02:30:00'),
(653, 'RENT REQUEST ID : ', '2016-11-07 03:00:00'),
(654, 'RENT REQUEST ID : ', '2016-11-07 03:30:00'),
(655, 'RENT REQUEST ID : ', '2016-11-07 04:00:00'),
(656, 'RENT REQUEST ID : ', '2016-11-07 04:30:00'),
(657, 'RENT REQUEST ID : ', '2016-11-07 05:00:00'),
(658, 'RENT REQUEST ID : ', '2016-11-07 05:30:00'),
(659, 'RENT REQUEST ID : ', '2016-11-07 06:00:00'),
(660, 'RENT REQUEST ID : ', '2016-11-07 06:30:00'),
(661, 'RENT REQUEST ID : ', '2016-11-07 07:00:00'),
(662, 'RENT REQUEST ID : ', '2016-11-07 07:30:00'),
(663, 'RENT REQUEST ID : ', '2016-11-07 08:00:00'),
(664, 'RENT REQUEST ID : ', '2016-11-07 08:30:00'),
(665, 'RENT REQUEST ID : ', '2016-11-07 09:00:00'),
(666, 'RENT REQUEST ID : ', '2016-11-07 09:30:00'),
(667, 'RENT REQUEST ID : ', '2016-11-07 10:00:00'),
(668, 'RENT REQUEST ID : ', '2016-11-07 10:30:00'),
(669, 'RENT REQUEST ID : ', '2016-11-07 11:00:00'),
(670, 'RENT REQUEST ID : ', '2016-11-07 11:30:00'),
(671, 'RENT REQUEST ID : ', '2016-11-07 12:00:00'),
(672, 'RENT REQUEST ID : ', '2016-11-07 12:30:00'),
(673, 'RENT REQUEST ID : ', '2016-11-07 13:00:00'),
(674, 'RENT REQUEST ID : ', '2016-11-07 13:30:00'),
(675, 'RENT REQUEST ID : ', '2016-11-07 14:00:00'),
(676, 'RENT REQUEST ID : ', '2016-11-07 14:30:00'),
(677, 'RENT REQUEST ID : ', '2016-11-07 15:00:00'),
(678, 'RENT REQUEST ID : ', '2016-11-07 15:30:00'),
(679, 'RENT REQUEST ID : ', '2016-11-07 16:00:00'),
(680, 'RENT REQUEST ID : ', '2016-11-07 16:30:00'),
(681, 'RENT REQUEST ID : ', '2016-11-07 17:00:00'),
(682, 'RENT REQUEST ID : ', '2016-11-07 17:30:00'),
(683, 'RENT REQUEST ID : ', '2016-11-07 18:00:00'),
(684, 'RENT REQUEST ID : ', '2016-11-07 18:30:00'),
(685, 'RENT REQUEST ID : ', '2016-11-07 19:00:00'),
(686, 'RENT REQUEST ID : ', '2016-11-07 19:30:00'),
(687, 'RENT REQUEST ID : ', '2016-11-07 20:00:00'),
(688, 'RENT REQUEST ID : ', '2016-11-07 20:30:00'),
(689, 'RENT REQUEST ID : ', '2016-11-07 21:00:00'),
(690, 'RENT REQUEST ID : ', '2016-11-07 21:30:00'),
(691, 'RENT REQUEST ID : ', '2016-11-07 22:00:00'),
(692, 'RENT REQUEST ID : ', '2016-11-07 22:30:00'),
(693, 'RENT REQUEST ID : ', '2016-11-07 23:00:00'),
(694, 'RENT REQUEST ID : ', '2016-11-07 23:30:00'),
(695, 'RENT REQUEST ID : ', '2016-11-08 00:00:00'),
(696, 'RENT REQUEST ID : ', '2016-11-08 00:30:00'),
(697, 'RENT REQUEST ID : ', '2016-11-08 01:00:00'),
(698, 'RENT REQUEST ID : ', '2016-11-08 01:30:00'),
(699, 'RENT REQUEST ID : ', '2016-11-08 02:00:00'),
(700, 'RENT REQUEST ID : ', '2016-11-08 02:30:00'),
(701, 'RENT REQUEST ID : ', '2016-11-08 03:00:00'),
(702, 'RENT REQUEST ID : ', '2016-11-08 03:30:00'),
(703, 'RENT REQUEST ID : ', '2016-11-08 04:00:00'),
(704, 'RENT REQUEST ID : ', '2016-11-08 04:30:00'),
(705, 'RENT REQUEST ID : ', '2016-11-08 05:00:00'),
(706, 'RENT REQUEST ID : ', '2016-11-08 05:30:00'),
(707, 'RENT REQUEST ID : ', '2016-11-08 06:00:00'),
(708, 'RENT REQUEST ID : ', '2016-11-08 06:30:00'),
(709, 'RENT REQUEST ID : ', '2016-11-08 07:00:00'),
(710, 'RENT REQUEST ID : ', '2016-11-08 07:30:00'),
(711, 'RENT REQUEST ID : ', '2016-11-08 08:00:00'),
(712, 'RENT REQUEST ID : ', '2016-11-08 08:30:00'),
(713, 'RENT REQUEST ID : ', '2016-11-08 09:00:00'),
(714, 'RENT REQUEST ID : ', '2016-11-08 09:30:00'),
(715, 'RENT REQUEST ID : ', '2016-11-08 10:00:00'),
(716, 'RENT REQUEST ID : ', '2016-11-08 10:30:00'),
(717, 'RENT REQUEST ID : ', '2016-11-08 11:00:00'),
(718, 'RENT REQUEST ID : ', '2016-11-08 11:30:00'),
(719, 'RENT REQUEST ID :  175', '2016-11-08 12:00:00'),
(720, 'RENT REQUEST ID : ', '2016-11-08 12:30:00'),
(721, 'RENT REQUEST ID : ', '2016-11-08 13:00:00'),
(722, 'RENT REQUEST ID : ', '2016-11-08 13:30:00'),
(723, 'RENT REQUEST ID : ', '2016-11-08 14:00:00'),
(724, 'RENT REQUEST ID : ', '2016-11-08 14:30:00'),
(725, 'RENT REQUEST ID : ', '2016-11-08 15:00:00'),
(726, 'RENT REQUEST ID : ', '2016-11-08 15:30:00'),
(727, 'RENT REQUEST ID : ', '2016-11-08 16:00:00'),
(728, 'RENT REQUEST ID : ', '2016-11-08 16:30:00'),
(729, 'RENT REQUEST ID : ', '2016-11-08 17:00:00'),
(730, 'RENT REQUEST ID : ', '2016-11-08 17:30:00'),
(731, 'RENT REQUEST ID : ', '2016-11-08 18:00:00'),
(732, 'RENT REQUEST ID : ', '2016-11-08 18:30:00'),
(733, 'RENT REQUEST ID : ', '2016-11-08 19:00:00'),
(734, 'RENT REQUEST ID : ', '2016-11-08 19:30:00'),
(735, 'RENT REQUEST ID : ', '2016-11-08 20:00:00'),
(736, 'RENT REQUEST ID : ', '2016-11-08 20:30:00'),
(737, 'RENT REQUEST ID : ', '2016-11-08 21:00:00'),
(738, 'RENT REQUEST ID : ', '2016-11-08 21:30:00'),
(739, 'RENT REQUEST ID : ', '2016-11-08 22:00:00'),
(740, 'RENT REQUEST ID : ', '2016-11-08 22:30:00'),
(741, 'RENT REQUEST ID : ', '2016-11-08 23:00:00'),
(742, 'RENT REQUEST ID : ', '2016-11-08 23:30:00'),
(743, 'RENT REQUEST ID : ', '2016-11-09 00:00:00'),
(744, 'RENT REQUEST ID : ', '2016-11-09 00:30:00'),
(745, 'RENT REQUEST ID : ', '2016-11-09 01:00:00'),
(746, 'RENT REQUEST ID : ', '2016-11-09 01:30:00'),
(747, 'RENT REQUEST ID : ', '2016-11-09 02:00:00'),
(748, 'RENT REQUEST ID : ', '2016-11-09 02:30:00'),
(749, 'RENT REQUEST ID : ', '2016-11-09 03:00:00'),
(750, 'RENT REQUEST ID : ', '2016-11-09 03:30:00'),
(751, 'RENT REQUEST ID : ', '2016-11-09 04:00:00'),
(752, 'RENT REQUEST ID : ', '2016-11-09 04:30:00'),
(753, 'RENT REQUEST ID : ', '2016-11-09 05:00:00'),
(754, 'RENT REQUEST ID : ', '2016-11-09 05:30:00'),
(755, 'RENT REQUEST ID : ', '2016-11-09 06:00:00'),
(756, 'RENT REQUEST ID : ', '2016-11-09 06:30:00'),
(757, 'RENT REQUEST ID : ', '2016-11-09 07:00:00'),
(758, 'RENT REQUEST ID : ', '2016-11-09 07:30:00'),
(759, 'RENT REQUEST ID : ', '2016-11-09 08:00:00'),
(760, 'RENT REQUEST ID : ', '2016-11-09 08:30:00'),
(761, 'RENT REQUEST ID :  176 177', '2016-11-09 09:00:00'),
(762, 'RENT REQUEST ID : ', '2016-11-09 09:30:00'),
(763, 'RENT REQUEST ID : ', '2016-11-09 10:00:00'),
(764, 'RENT REQUEST ID : ', '2016-11-09 10:30:00'),
(765, 'RENT REQUEST ID : ', '2016-11-09 11:00:00'),
(766, 'RENT REQUEST ID : ', '2016-11-09 11:30:00'),
(767, 'RENT REQUEST ID :  178', '2016-11-09 12:00:00'),
(768, 'RENT REQUEST ID :  181', '2016-11-09 12:30:00'),
(769, 'RENT REQUEST ID : ', '2016-11-09 13:00:00'),
(770, 'RENT REQUEST ID : ', '2016-11-09 13:30:00'),
(771, 'RENT REQUEST ID : ', '2016-11-09 14:00:00'),
(772, 'RENT REQUEST ID : ', '2016-11-09 14:30:00'),
(773, 'RENT REQUEST ID : ', '2016-11-09 15:00:00'),
(774, 'RENT REQUEST ID : ', '2016-11-09 15:30:00'),
(775, 'RENT REQUEST ID : ', '2016-11-09 16:00:00'),
(776, 'RENT REQUEST ID : ', '2016-11-09 16:30:00'),
(777, 'RENT REQUEST ID : ', '2016-11-09 17:00:00'),
(778, 'RENT REQUEST ID : ', '2016-11-09 17:30:00'),
(779, 'RENT REQUEST ID : ', '2016-11-09 18:00:00'),
(780, 'RENT REQUEST ID : ', '2016-11-09 18:30:00'),
(781, 'RENT REQUEST ID : ', '2016-11-09 19:00:00'),
(782, 'RENT REQUEST ID : ', '2016-11-09 19:30:00'),
(783, 'RENT REQUEST ID : ', '2016-11-09 20:00:00'),
(784, 'RENT REQUEST ID : ', '2016-11-09 20:30:00'),
(785, 'RENT REQUEST ID : ', '2016-11-09 21:00:00'),
(786, 'RENT REQUEST ID : ', '2016-11-09 21:30:00'),
(787, 'RENT REQUEST ID : ', '2016-11-09 22:00:00'),
(788, 'RENT REQUEST ID : ', '2016-11-09 22:30:00'),
(789, 'RENT REQUEST ID : ', '2016-11-09 23:00:00'),
(790, 'RENT REQUEST ID : ', '2016-11-09 23:30:00'),
(791, 'RENT REQUEST ID : ', '2016-11-10 00:00:00'),
(792, 'RENT REQUEST ID : ', '2016-11-10 00:30:00'),
(793, 'RENT REQUEST ID : ', '2016-11-10 01:00:00'),
(794, 'RENT REQUEST ID : ', '2016-11-10 01:30:00'),
(795, 'RENT REQUEST ID : ', '2016-11-10 02:00:00'),
(796, 'RENT REQUEST ID : ', '2016-11-10 02:30:00'),
(797, 'RENT REQUEST ID : ', '2016-11-10 03:00:00'),
(798, 'RENT REQUEST ID : ', '2016-11-10 03:30:00'),
(799, 'RENT REQUEST ID : ', '2016-11-10 04:00:00'),
(800, 'RENT REQUEST ID : ', '2016-11-10 04:30:00'),
(801, 'RENT REQUEST ID : ', '2016-11-10 05:00:00'),
(802, 'RENT REQUEST ID : ', '2016-11-10 05:30:00'),
(803, 'RENT REQUEST ID : ', '2016-11-10 06:00:00'),
(804, 'RENT REQUEST ID : ', '2016-11-10 06:30:00'),
(805, 'RENT REQUEST ID : ', '2016-11-10 07:00:00'),
(806, 'RENT REQUEST ID : ', '2016-11-10 07:30:00'),
(807, 'RENT REQUEST ID : ', '2016-11-10 08:00:00'),
(808, 'RENT REQUEST ID : ', '2016-11-10 08:30:00'),
(809, 'RENT REQUEST ID : ', '2016-11-10 09:00:00'),
(810, 'RENT REQUEST ID : ', '2016-11-10 09:30:00'),
(811, 'RENT REQUEST ID : ', '2016-11-10 10:00:00'),
(812, 'RENT REQUEST ID : ', '2016-11-10 10:30:00'),
(813, 'RENT REQUEST ID : ', '2016-11-10 11:00:00'),
(814, 'RENT REQUEST ID : ', '2016-11-10 11:30:00'),
(815, 'RENT REQUEST ID : ', '2016-11-10 12:00:00'),
(816, 'RENT REQUEST ID : ', '2016-11-10 12:30:00'),
(817, 'RENT REQUEST ID : ', '2016-11-10 13:00:00'),
(818, 'RENT REQUEST ID : ', '2016-11-10 13:30:00'),
(819, 'RENT REQUEST ID : ', '2016-11-10 14:00:00'),
(820, 'RENT REQUEST ID : ', '2016-11-10 14:30:00'),
(821, 'RENT REQUEST ID : ', '2016-11-10 15:00:00'),
(822, 'RENT REQUEST ID : ', '2016-11-10 15:30:00'),
(823, 'RENT REQUEST ID : ', '2016-11-10 16:00:00'),
(824, 'RENT REQUEST ID : ', '2016-11-10 16:30:00'),
(825, 'RENT REQUEST ID : ', '2016-11-10 17:00:00'),
(826, 'RENT REQUEST ID : ', '2016-11-10 17:30:00'),
(827, 'RENT REQUEST ID : ', '2016-11-10 18:00:00'),
(828, 'RENT REQUEST ID : ', '2016-11-10 18:30:00'),
(829, 'RENT REQUEST ID : ', '2016-11-10 19:00:00'),
(830, 'RENT REQUEST ID : ', '2016-11-10 19:30:00'),
(831, 'RENT REQUEST ID : ', '2016-11-10 20:00:00'),
(832, 'RENT REQUEST ID : ', '2016-11-10 20:30:00'),
(833, 'RENT REQUEST ID : ', '2016-11-10 21:00:00'),
(834, 'RENT REQUEST ID : ', '2016-11-10 21:30:00'),
(835, 'RENT REQUEST ID : ', '2016-11-10 22:00:00'),
(836, 'RENT REQUEST ID : ', '2016-11-10 22:30:00'),
(837, 'RENT REQUEST ID : ', '2016-11-10 23:00:00'),
(838, 'RENT REQUEST ID : ', '2016-11-10 23:30:00'),
(839, 'RENT REQUEST ID : ', '2016-11-11 00:00:00'),
(840, 'RENT REQUEST ID : ', '2016-11-11 00:30:00'),
(841, 'RENT REQUEST ID : ', '2016-11-11 01:00:00'),
(842, 'RENT REQUEST ID : ', '2016-11-11 01:30:00'),
(843, 'RENT REQUEST ID : ', '2016-11-11 02:00:00'),
(844, 'RENT REQUEST ID : ', '2016-11-11 02:30:00'),
(845, 'RENT REQUEST ID : ', '2016-11-11 03:00:00'),
(846, 'RENT REQUEST ID : ', '2016-11-11 03:30:00'),
(847, 'RENT REQUEST ID : ', '2016-11-11 04:00:00'),
(848, 'RENT REQUEST ID : ', '2016-11-11 04:30:00'),
(849, 'RENT REQUEST ID : ', '2016-11-11 05:00:00'),
(850, 'RENT REQUEST ID : ', '2016-11-11 05:30:00'),
(851, 'RENT REQUEST ID : ', '2016-11-11 06:00:00'),
(852, 'RENT REQUEST ID : ', '2016-11-11 06:30:00'),
(853, 'RENT REQUEST ID : ', '2016-11-11 07:00:00'),
(854, 'RENT REQUEST ID : ', '2016-11-11 07:30:00'),
(855, 'RENT REQUEST ID : ', '2016-11-11 08:00:00'),
(856, 'RENT REQUEST ID : ', '2016-11-11 08:30:00'),
(857, 'RENT REQUEST ID : ', '2016-11-11 09:00:00'),
(858, 'RENT REQUEST ID : ', '2016-11-11 09:30:00'),
(859, 'RENT REQUEST ID : ', '2016-11-11 10:00:00'),
(860, 'RENT REQUEST ID : ', '2016-11-11 10:30:00'),
(861, 'RENT REQUEST ID : ', '2016-11-11 11:00:00'),
(862, 'RENT REQUEST ID : ', '2016-11-11 11:30:00'),
(863, 'RENT REQUEST ID : ', '2016-11-11 12:00:00'),
(864, 'RENT REQUEST ID : ', '2016-11-11 12:30:00'),
(865, 'RENT REQUEST ID : ', '2016-11-11 13:00:00'),
(866, 'RENT REQUEST ID : ', '2016-11-11 13:30:00'),
(867, 'RENT REQUEST ID : ', '2016-11-11 14:00:00'),
(868, 'RENT REQUEST ID : ', '2016-11-11 14:30:00'),
(869, 'RENT REQUEST ID : ', '2016-11-11 15:00:00'),
(870, 'RENT REQUEST ID : ', '2016-11-11 15:30:00'),
(871, 'RENT REQUEST ID : ', '2016-11-11 16:00:00'),
(872, 'RENT REQUEST ID : ', '2016-11-11 16:30:00'),
(873, 'RENT REQUEST ID : ', '2016-11-11 17:00:00'),
(874, 'RENT REQUEST ID : ', '2016-11-11 17:30:00'),
(875, 'RENT REQUEST ID : ', '2016-11-11 18:00:00'),
(876, 'RENT REQUEST ID : ', '2016-11-11 18:30:00'),
(877, 'RENT REQUEST ID : ', '2016-11-11 19:00:00'),
(878, 'RENT REQUEST ID : ', '2016-11-11 19:30:00'),
(879, 'RENT REQUEST ID : ', '2016-11-11 20:00:00'),
(880, 'RENT REQUEST ID : ', '2016-11-11 20:30:00'),
(881, 'RENT REQUEST ID : ', '2016-11-11 21:00:00'),
(882, 'RENT REQUEST ID : ', '2016-11-11 21:30:00'),
(883, 'RENT REQUEST ID : ', '2016-11-11 22:00:00'),
(884, 'RENT REQUEST ID : ', '2016-11-11 22:30:00'),
(885, 'RENT REQUEST ID : ', '2016-11-11 23:00:00'),
(886, 'RENT REQUEST ID : ', '2016-11-11 23:30:00'),
(887, 'RENT REQUEST ID : ', '2016-11-12 00:00:00'),
(888, 'RENT REQUEST ID : ', '2016-11-12 00:30:00'),
(889, 'RENT REQUEST ID : ', '2016-11-12 01:00:00'),
(890, 'RENT REQUEST ID : ', '2016-11-12 01:30:00'),
(891, 'RENT REQUEST ID : ', '2016-11-12 02:00:00'),
(892, 'RENT REQUEST ID : ', '2016-11-12 02:30:00'),
(893, 'RENT REQUEST ID : ', '2016-11-12 03:00:00'),
(894, 'RENT REQUEST ID : ', '2016-11-12 03:30:00'),
(895, 'RENT REQUEST ID : ', '2016-11-12 04:00:00'),
(896, 'RENT REQUEST ID : ', '2016-11-12 04:30:00'),
(897, 'RENT REQUEST ID : ', '2016-11-12 05:00:00'),
(898, 'RENT REQUEST ID : ', '2016-11-12 05:30:00'),
(899, 'RENT REQUEST ID : ', '2016-11-12 06:00:00'),
(900, 'RENT REQUEST ID : ', '2016-11-12 06:30:00'),
(901, 'RENT REQUEST ID : ', '2016-11-12 07:00:00'),
(902, 'RENT REQUEST ID : ', '2016-11-12 07:30:00'),
(903, 'RENT REQUEST ID : ', '2016-11-12 08:00:00'),
(904, 'RENT REQUEST ID : ', '2016-11-12 08:30:00'),
(905, 'RENT REQUEST ID : ', '2016-11-12 09:00:00'),
(906, 'RENT REQUEST ID : ', '2016-11-12 09:30:00'),
(907, 'RENT REQUEST ID : ', '2016-11-12 10:00:00'),
(908, 'RENT REQUEST ID : ', '2016-11-12 10:30:00'),
(909, 'RENT REQUEST ID : ', '2016-11-12 11:00:00'),
(910, 'RENT REQUEST ID : ', '2016-11-12 11:30:00'),
(911, 'RENT REQUEST ID : ', '2016-11-12 12:00:00'),
(912, 'RENT REQUEST ID : ', '2016-11-12 12:30:00'),
(913, 'RENT REQUEST ID : ', '2016-11-12 13:00:00'),
(914, 'RENT REQUEST ID : ', '2016-11-12 13:30:00'),
(915, 'RENT REQUEST ID : ', '2016-11-12 14:00:00'),
(916, 'RENT REQUEST ID : ', '2016-11-12 14:30:00'),
(917, 'RENT REQUEST ID : ', '2016-11-12 15:00:00'),
(918, 'RENT REQUEST ID : ', '2016-11-12 15:30:00'),
(919, 'RENT REQUEST ID : ', '2016-11-12 16:00:00'),
(920, 'RENT REQUEST ID : ', '2016-11-12 16:30:00'),
(921, 'RENT REQUEST ID : ', '2016-11-12 17:00:00'),
(922, 'RENT REQUEST ID : ', '2016-11-12 17:30:00'),
(923, 'RENT REQUEST ID : ', '2016-11-12 18:00:00'),
(924, 'RENT REQUEST ID : ', '2016-11-12 18:30:00'),
(925, 'RENT REQUEST ID : ', '2016-11-12 19:00:00'),
(926, 'RENT REQUEST ID : ', '2016-11-12 19:30:00'),
(927, 'RENT REQUEST ID : ', '2016-11-12 20:00:00'),
(928, 'RENT REQUEST ID : ', '2016-11-12 20:30:00'),
(929, 'RENT REQUEST ID : ', '2016-11-12 21:00:00'),
(930, 'RENT REQUEST ID : ', '2016-11-12 21:30:00'),
(931, 'RENT REQUEST ID : ', '2016-11-12 22:00:00'),
(932, 'RENT REQUEST ID : ', '2016-11-12 22:30:00'),
(933, 'RENT REQUEST ID : ', '2016-11-12 23:00:00'),
(934, 'RENT REQUEST ID : ', '2016-11-12 23:30:00'),
(935, 'RENT REQUEST ID : ', '2016-11-13 00:00:00'),
(936, 'RENT REQUEST ID : ', '2016-11-13 00:30:00'),
(937, 'RENT REQUEST ID : ', '2016-11-13 01:00:00'),
(938, 'RENT REQUEST ID : ', '2016-11-13 01:30:00'),
(939, 'RENT REQUEST ID : ', '2016-11-13 02:00:00'),
(940, 'RENT REQUEST ID : ', '2016-11-13 02:30:00'),
(941, 'RENT REQUEST ID : ', '2016-11-13 03:00:00'),
(942, 'RENT REQUEST ID : ', '2016-11-13 03:30:00'),
(943, 'RENT REQUEST ID : ', '2016-11-13 04:00:00'),
(944, 'RENT REQUEST ID : ', '2016-11-13 04:30:00'),
(945, 'RENT REQUEST ID : ', '2016-11-13 05:00:00'),
(946, 'RENT REQUEST ID : ', '2016-11-13 05:30:00'),
(947, 'RENT REQUEST ID : ', '2016-11-13 06:00:00'),
(948, 'RENT REQUEST ID : ', '2016-11-13 06:30:00'),
(949, 'RENT REQUEST ID : ', '2016-11-13 07:00:00'),
(950, 'RENT REQUEST ID : ', '2016-11-13 07:30:00'),
(951, 'RENT REQUEST ID : ', '2016-11-13 08:00:00'),
(952, 'RENT REQUEST ID : ', '2016-11-13 08:30:00'),
(953, 'RENT REQUEST ID : ', '2016-11-13 09:00:00'),
(954, 'RENT REQUEST ID : ', '2016-11-13 09:30:00'),
(955, 'RENT REQUEST ID : ', '2016-11-13 10:00:00'),
(956, 'RENT REQUEST ID : ', '2016-11-13 10:30:00'),
(957, 'RENT REQUEST ID : ', '2016-11-13 11:00:00'),
(958, 'RENT REQUEST ID : ', '2016-11-13 11:30:00'),
(959, 'RENT REQUEST ID : ', '2016-11-13 12:00:00'),
(960, 'RENT REQUEST ID : ', '2016-11-13 12:30:00'),
(961, 'RENT REQUEST ID : ', '2016-11-13 13:00:00'),
(962, 'RENT REQUEST ID : ', '2016-11-13 13:30:00'),
(963, 'RENT REQUEST ID : ', '2016-11-13 14:00:00'),
(964, 'RENT REQUEST ID : ', '2016-11-13 14:30:00'),
(965, 'RENT REQUEST ID : ', '2016-11-13 15:00:00'),
(966, 'RENT REQUEST ID : ', '2016-11-13 15:30:00'),
(967, 'RENT REQUEST ID : ', '2016-11-13 16:00:00'),
(968, 'RENT REQUEST ID : ', '2016-11-13 16:30:00'),
(969, 'RENT REQUEST ID : ', '2016-11-13 17:00:00'),
(970, 'RENT REQUEST ID : ', '2016-11-13 17:30:00'),
(971, 'RENT REQUEST ID : ', '2016-11-13 18:00:00'),
(972, 'RENT REQUEST ID : ', '2016-11-13 18:30:00'),
(973, 'RENT REQUEST ID : ', '2016-11-13 19:00:00'),
(974, 'RENT REQUEST ID : ', '2016-11-13 19:30:00'),
(975, 'RENT REQUEST ID : ', '2016-11-13 20:00:00'),
(976, 'RENT REQUEST ID : ', '2016-11-13 20:30:00'),
(977, 'RENT REQUEST ID : ', '2016-11-13 21:00:00'),
(978, 'RENT REQUEST ID : ', '2016-11-13 21:30:00'),
(979, 'RENT REQUEST ID : ', '2016-11-13 22:00:00'),
(980, 'RENT REQUEST ID : ', '2016-11-13 22:30:00'),
(981, 'RENT REQUEST ID : ', '2016-11-13 23:00:00'),
(982, 'RENT REQUEST ID : ', '2016-11-13 23:30:00'),
(983, 'RENT REQUEST ID : ', '2016-11-14 00:00:00'),
(984, 'RENT REQUEST ID : ', '2016-11-14 00:30:00'),
(985, 'RENT REQUEST ID : ', '2016-11-14 01:00:00'),
(986, 'RENT REQUEST ID : ', '2016-11-14 01:30:00'),
(987, 'RENT REQUEST ID : ', '2016-11-14 02:00:00'),
(988, 'RENT REQUEST ID : ', '2016-11-14 02:30:00'),
(989, 'RENT REQUEST ID : ', '2016-11-14 03:00:00'),
(990, 'RENT REQUEST ID : ', '2016-11-14 03:30:00'),
(991, 'RENT REQUEST ID : ', '2016-11-14 04:00:00'),
(992, 'RENT REQUEST ID : ', '2016-11-14 04:30:00'),
(993, 'RENT REQUEST ID : ', '2016-11-14 05:00:00'),
(994, 'RENT REQUEST ID : ', '2016-11-14 05:30:00'),
(995, 'RENT REQUEST ID : ', '2016-11-14 06:00:00'),
(996, 'RENT REQUEST ID : ', '2016-11-14 06:30:00'),
(997, 'RENT REQUEST ID : ', '2016-11-14 07:00:00'),
(998, 'RENT REQUEST ID : ', '2016-11-14 07:30:00');
INSERT INTO `cron_log` (`id`, `description`, `created_date`) VALUES
(999, 'RENT REQUEST ID : ', '2016-11-14 08:00:00'),
(1000, 'RENT REQUEST ID : ', '2016-11-14 08:30:00'),
(1001, 'RENT REQUEST ID : ', '2016-11-14 09:00:00'),
(1002, 'RENT REQUEST ID : ', '2016-11-14 09:30:00'),
(1003, 'RENT REQUEST ID : ', '2016-11-14 10:00:00'),
(1004, 'RENT REQUEST ID : ', '2016-11-14 10:30:00'),
(1005, 'RENT REQUEST ID : ', '2016-11-14 11:00:00'),
(1006, 'RENT REQUEST ID : ', '2016-11-14 11:30:00'),
(1007, 'RENT REQUEST ID : ', '2016-11-14 12:00:00'),
(1008, 'RENT REQUEST ID : ', '2016-11-14 12:30:00'),
(1009, 'RENT REQUEST ID : ', '2016-11-14 13:00:00'),
(1010, 'RENT REQUEST ID : ', '2016-11-14 13:30:00'),
(1011, 'RENT REQUEST ID : ', '2016-11-14 14:00:00'),
(1012, 'RENT REQUEST ID : ', '2016-11-14 14:30:00'),
(1013, 'RENT REQUEST ID : ', '2016-11-14 15:00:00'),
(1014, 'RENT REQUEST ID : ', '2016-11-14 15:30:00'),
(1015, 'RENT REQUEST ID : ', '2016-11-14 16:00:00'),
(1016, 'RENT REQUEST ID : ', '2016-11-14 16:30:00'),
(1017, 'RENT REQUEST ID : ', '2016-11-14 17:00:00'),
(1018, 'RENT REQUEST ID : ', '2016-11-14 17:30:00'),
(1019, 'RENT REQUEST ID : ', '2016-11-14 18:00:00'),
(1020, 'RENT REQUEST ID : ', '2016-11-14 18:30:00'),
(1021, 'RENT REQUEST ID : ', '2016-11-14 19:00:00'),
(1022, 'RENT REQUEST ID : ', '2016-11-14 19:30:00'),
(1023, 'RENT REQUEST ID : ', '2016-11-14 20:00:00'),
(1024, 'RENT REQUEST ID : ', '2016-11-14 20:30:00'),
(1025, 'RENT REQUEST ID : ', '2016-11-14 21:00:00'),
(1026, 'RENT REQUEST ID : ', '2016-11-14 21:30:00'),
(1027, 'RENT REQUEST ID : ', '2016-11-14 22:00:00'),
(1028, 'RENT REQUEST ID : ', '2016-11-14 22:30:00'),
(1029, 'RENT REQUEST ID : ', '2016-11-14 23:00:00'),
(1030, 'RENT REQUEST ID : ', '2016-11-14 23:30:00'),
(1031, 'RENT REQUEST ID : ', '2016-11-15 00:00:00'),
(1032, 'RENT REQUEST ID : ', '2016-11-15 00:30:00'),
(1033, 'RENT REQUEST ID : ', '2016-11-15 01:00:00'),
(1034, 'RENT REQUEST ID : ', '2016-11-15 01:30:00'),
(1035, 'RENT REQUEST ID : ', '2016-11-15 02:00:00'),
(1036, 'RENT REQUEST ID : ', '2016-11-15 02:30:00'),
(1037, 'RENT REQUEST ID : ', '2016-11-15 03:00:00'),
(1038, 'RENT REQUEST ID : ', '2016-11-15 03:30:00'),
(1039, 'RENT REQUEST ID : ', '2016-11-15 04:00:00'),
(1040, 'RENT REQUEST ID : ', '2016-11-15 04:30:00'),
(1041, 'RENT REQUEST ID : ', '2016-11-15 05:00:00'),
(1042, 'RENT REQUEST ID :  187', '2016-11-15 05:30:00'),
(1043, 'RENT REQUEST ID :  188', '2016-11-15 06:30:00'),
(1044, 'RENT REQUEST ID :  189 190', '2016-11-15 10:00:00'),
(1045, 'RENT REQUEST ID : ', '2016-11-15 12:30:00'),
(1046, 'RENT REQUEST ID : ', '2016-11-15 13:00:00'),
(1047, 'RENT REQUEST ID : ', '2016-11-15 13:30:00'),
(1048, 'RENT REQUEST ID : ', '2016-11-15 14:00:00'),
(1049, 'RENT REQUEST ID : ', '2016-11-15 14:30:00'),
(1050, 'RENT REQUEST ID : ', '2016-11-15 15:00:00'),
(1051, 'RENT REQUEST ID : ', '2016-11-15 15:30:00'),
(1052, 'RENT REQUEST ID : ', '2016-11-15 16:00:00'),
(1053, 'RENT REQUEST ID : ', '2016-11-15 16:30:00'),
(1054, 'RENT REQUEST ID : ', '2016-11-15 17:00:00'),
(1055, 'RENT REQUEST ID : ', '2016-11-15 17:30:00'),
(1056, 'RENT REQUEST ID : ', '2016-11-15 18:00:00'),
(1057, 'RENT REQUEST ID : ', '2016-11-15 18:30:00'),
(1058, 'RENT REQUEST ID : ', '2016-11-15 19:00:00'),
(1059, 'RENT REQUEST ID : ', '2016-11-15 19:30:00'),
(1060, 'RENT REQUEST ID : ', '2016-11-15 20:00:00'),
(1061, 'RENT REQUEST ID : ', '2016-11-15 20:30:00'),
(1062, 'RENT REQUEST ID : ', '2016-11-15 21:00:00'),
(1063, 'RENT REQUEST ID : ', '2016-11-15 21:30:00'),
(1064, 'RENT REQUEST ID : ', '2016-11-15 22:00:00'),
(1065, 'RENT REQUEST ID : ', '2016-11-15 22:30:00'),
(1066, 'RENT REQUEST ID : ', '2016-11-15 23:00:00'),
(1067, 'RENT REQUEST ID : ', '2016-11-15 23:30:00'),
(1068, 'RENT REQUEST ID : ', '2016-11-16 00:00:00'),
(1069, 'RENT REQUEST ID : ', '2016-11-16 00:30:00'),
(1070, 'RENT REQUEST ID : ', '2016-11-16 01:00:00'),
(1071, 'RENT REQUEST ID : ', '2016-11-16 01:30:00'),
(1072, 'RENT REQUEST ID : ', '2016-11-16 02:00:00'),
(1073, 'RENT REQUEST ID : ', '2016-11-16 02:30:00'),
(1074, 'RENT REQUEST ID : ', '2016-11-16 03:00:00'),
(1075, 'RENT REQUEST ID : ', '2016-11-16 03:30:00'),
(1076, 'RENT REQUEST ID : ', '2016-11-16 04:00:00'),
(1077, 'RENT REQUEST ID : ', '2016-11-16 04:30:00'),
(1078, 'RENT REQUEST ID : ', '2016-11-16 05:00:00'),
(1079, 'RENT REQUEST ID : ', '2016-11-16 05:30:00'),
(1080, 'RENT REQUEST ID : ', '2016-11-16 06:00:00'),
(1081, 'RENT REQUEST ID : ', '2016-11-16 06:30:00'),
(1082, 'RENT REQUEST ID : ', '2016-11-16 07:00:00'),
(1083, 'RENT REQUEST ID : ', '2016-11-16 07:30:00'),
(1084, 'RENT REQUEST ID : ', '2016-11-16 08:00:00'),
(1085, 'RENT REQUEST ID : ', '2016-11-16 08:30:00'),
(1086, 'RENT REQUEST ID : ', '2016-11-16 09:00:00'),
(1087, 'RENT REQUEST ID : ', '2016-11-16 09:30:00'),
(1088, 'RENT REQUEST ID : ', '2016-11-16 10:00:00'),
(1089, 'RENT REQUEST ID : ', '2016-11-16 10:30:00'),
(1090, 'RENT REQUEST ID : ', '2016-11-16 11:00:00'),
(1091, 'RENT REQUEST ID : ', '2016-11-16 11:30:00'),
(1092, 'RENT REQUEST ID : ', '2016-11-16 12:00:00'),
(1093, 'RENT REQUEST ID : ', '2016-11-16 12:30:00'),
(1094, 'RENT REQUEST ID : ', '2016-11-16 13:00:00'),
(1095, 'RENT REQUEST ID : ', '2016-11-16 13:30:00'),
(1096, 'RENT REQUEST ID : ', '2016-11-16 14:00:00'),
(1097, 'RENT REQUEST ID : ', '2016-11-16 14:30:00'),
(1098, 'RENT REQUEST ID : ', '2016-11-16 15:00:00'),
(1099, 'RENT REQUEST ID : ', '2016-11-16 15:30:00'),
(1100, 'RENT REQUEST ID : ', '2016-11-16 16:00:00'),
(1101, 'RENT REQUEST ID : ', '2016-11-16 16:30:00'),
(1102, 'RENT REQUEST ID : ', '2016-11-16 17:00:00'),
(1103, 'RENT REQUEST ID : ', '2016-11-16 17:30:00'),
(1104, 'RENT REQUEST ID : ', '2016-11-16 18:00:00'),
(1105, 'RENT REQUEST ID : ', '2016-11-16 18:30:00'),
(1106, 'RENT REQUEST ID : ', '2016-11-16 19:00:00'),
(1107, 'RENT REQUEST ID : ', '2016-11-16 19:30:00'),
(1108, 'RENT REQUEST ID : ', '2016-11-16 20:00:00'),
(1109, 'RENT REQUEST ID : ', '2016-11-16 20:30:00'),
(1110, 'RENT REQUEST ID : ', '2016-11-16 21:00:00'),
(1111, 'RENT REQUEST ID : ', '2016-11-16 21:30:00'),
(1112, 'RENT REQUEST ID : ', '2016-11-16 22:00:00'),
(1113, 'RENT REQUEST ID : ', '2016-11-16 22:30:00'),
(1114, 'RENT REQUEST ID : ', '2016-11-16 23:00:00'),
(1115, 'RENT REQUEST ID : ', '2016-11-16 23:30:00'),
(1116, 'RENT REQUEST ID : ', '2016-11-17 00:00:00'),
(1117, 'RENT REQUEST ID : ', '2016-11-17 00:30:00'),
(1118, 'RENT REQUEST ID : ', '2016-11-17 01:00:00'),
(1119, 'RENT REQUEST ID : ', '2016-11-17 01:30:00'),
(1120, 'RENT REQUEST ID : ', '2016-11-17 02:00:00'),
(1121, 'RENT REQUEST ID : ', '2016-11-17 02:30:00'),
(1122, 'RENT REQUEST ID : ', '2016-11-17 03:00:00'),
(1123, 'RENT REQUEST ID : ', '2016-11-17 03:30:00'),
(1124, 'RENT REQUEST ID : ', '2016-11-17 04:00:00'),
(1125, 'RENT REQUEST ID : ', '2016-11-17 04:30:00'),
(1126, 'RENT REQUEST ID :  193', '2016-11-17 05:00:00');

-- --------------------------------------------------------

--
-- Table structure for table `developer_exception_log`
--

CREATE TABLE `developer_exception_log` (
  `id` int(11) NOT NULL,
  `details` text NOT NULL,
  `created_date` timestamp NOT NULL DEFAULT CURRENT_TIMESTAMP ON UPDATE CURRENT_TIMESTAMP
) ENGINE=InnoDB DEFAULT CHARSET=latin1;

-- --------------------------------------------------------

--
-- Table structure for table `email_confirmation`
--

CREATE TABLE `email_confirmation` (
  `id` int(11) NOT NULL,
  `app_credential_id` int(11) NOT NULL,
  `token` varchar(200) NOT NULL,
  `already_used` int(11) NOT NULL DEFAULT '0',
  `created_date` timestamp NOT NULL DEFAULT CURRENT_TIMESTAMP ON UPDATE CURRENT_TIMESTAMP
) ENGINE=InnoDB DEFAULT CHARSET=latin1;

--
-- Dumping data for table `email_confirmation`
--

INSERT INTO `email_confirmation` (`id`, `app_credential_id`, `token`, `already_used`, `created_date`) VALUES
(10, 77, '8657136b503388d93f85561a78e9df8a', 0, '2016-10-20 06:43:36'),
(11, 78, 'e2d5d5777637d88a027d7d1e1cfacb03', 0, '2016-10-20 07:10:52'),
(13, 80, '54318e3791120ff4c44338fe14bb9a60', 0, '2016-10-24 08:44:26'),
(14, 81, '6db370744e1e2f2ce6f9cf775b7f422a', 0, '2016-10-25 06:54:28'),
(15, 83, '97e5ca70c297f177245a4f9a1b7bd19b', 0, '2016-10-25 07:30:21'),
(16, 84, '6004ac451e4110a8f228f7b17c25e58c', 0, '2016-10-25 07:51:35'),
(17, 85, '8875f239373b2821da16ec2a5cbf4553', 0, '2016-10-26 05:47:24'),
(18, 86, 'f583b49259f3404426ddeec4ecde7690', 0, '2016-10-26 06:07:15'),
(19, 88, '061f93c3b88c3828e833bb67784f9c57', 0, '2016-10-31 05:01:49'),
(20, 89, '65599e76b3d338cb1dc3aaa826e62618', 1, '2016-11-03 11:27:53'),
(21, 92, '66c1a68b1a6a45df455fad8d44bcd685', 0, '2016-11-06 08:50:26'),
(22, 93, '7711c2d9469bdccc0aba533938c16880', 1, '2016-11-07 05:40:29'),
(23, 94, '20dcaf534ba7720a86c89ed1326d4de5', 0, '2016-11-08 07:33:00'),
(24, 95, '5ceb40fd7b376bec819907afe0084e32', 1, '2016-11-08 08:11:47'),
(25, 97, '06cb5d8caca0a5abb29abce669371013', 1, '2016-11-08 09:03:41'),
(26, 99, 'd62952a12ddebfbc889ea8eca5529efd', 0, '2016-11-09 05:53:06'),
(27, 100, '6a12977c34092c22ee1a447b8d0bff52', 0, '2016-11-09 06:05:39'),
(28, 101, '86222f5bf9171e2fc11c3167623d627d', 0, '2016-11-09 10:59:32'),
(29, 102, 'dba45d5cd5f9ee8934821a4295e946b0', 0, '2016-11-10 05:06:25'),
(30, 103, 'd71d5bcdbcb58611d20f54681fbec61a', 0, '2016-11-10 05:07:00'),
(31, 104, '628f6a01bc94eb7b56e18e5791fddb7b', 1, '2016-11-10 05:23:48'),
(32, 105, 'fd5fa1dfcf3cdaf4df757b8853d9cdaa', 1, '2016-11-11 05:24:04'),
(33, 106, '9a0c42ff3a79753a89058d3d73f5107d', 1, '2016-11-11 22:04:45'),
(34, 108, '51fe09c2d169e70f274142008625cffe', 0, '2016-11-28 17:06:43'),
(35, 109, '01e075173f9874060bf469f6f469881d', 1, '2016-11-30 05:38:55'),
(36, 110, '94f43557f8cd675536d9166d9faf3ae1', 1, '2016-11-30 05:45:48'),
(37, 111, '4df7450eee8b417b63fab3164e4e4d2e', 1, '2016-11-30 06:07:11'),
(38, 113, 'ca8304fc167cdfec01aa84a0a613577b', 1, '2016-11-30 23:00:05'),
(39, 114, '14e577d16e62593c1029c7e4f168c35e', 1, '2016-12-06 10:33:21'),
(40, 115, 'c382689238a117a328c452fc63b9680f', 1, '2016-12-06 20:48:12'),
(41, 116, '22c4b1abfa2c53f5908baaed841b3826', 1, '2016-12-07 17:29:53'),
(42, 117, '9e9006d75d985084b8f5b907313e727a', 1, '2016-12-10 20:33:59'),
(43, 118, '71191d7d6e3c5761a09034782869d82f', 1, '2016-12-14 06:49:33'),
(44, 119, '9c61be11c566d5931b4ee5d897fac10a', 0, '2016-12-21 12:51:17'),
(45, 120, '8d1d122116109878ca456b8eb4a84635', 1, '2016-12-22 13:23:19'),
(46, 121, '5d50a489a3611e9038a6705bb9be5986', 1, '2016-12-24 06:26:39'),
(47, 122, 'fde49b69024de39f11106dbfa5fe9520', 1, '2016-12-24 10:04:04'),
(49, 124, 'db8b4e88bd3ed18e41344a64f03cdc24', 1, '2016-12-25 09:48:12'),
(50, 125, '7e8c1e1dcb6c6579894a751fff72a90f', 0, '2016-12-25 16:43:05'),
(51, 126, '683c83ae870b97bfd4a9707c0a975d2c', 1, '2016-12-26 17:10:23'),
(52, 127, 'd39c72d52839d91a33d8b753cd3018e0', 0, '2016-12-27 12:50:46'),
(53, 128, 'dca594cebacb2c24b9ea5190358483a9', 1, '2016-12-28 13:02:40'),
(54, 129, 'fd5b5e9e16b6ef2b7349030d24240646', 1, '2016-12-29 08:09:15'),
(55, 131, 'c11b15c914a22a3d180bd40eb66478fb', 0, '2017-01-20 13:48:28'),
(56, 132, 'cdd7edf4b566a117a50517e43c4f4828', 0, '2017-01-20 14:03:05'),
(57, 133, '64d694f6269e7bf8b58458d666a43dbe', 0, '2017-01-20 14:05:03'),
(59, 135, 'bc500329d88a2e4a3efb36aaccb2cc55', 0, '2017-01-20 16:10:04'),
(60, 136, 'b3980097c1c651a50a031d30e22f3901', 0, '2017-04-03 11:17:07'),
(61, 138, '1c4fbbd09889da753f7f238ef3cdfac7', 0, '2017-04-21 08:00:30');

-- --------------------------------------------------------

--
-- Table structure for table `identity_type`
--

CREATE TABLE `identity_type` (
  `id` int(11) NOT NULL,
  `name` varchar(200) NOT NULL,
  `created_date` timestamp NOT NULL DEFAULT CURRENT_TIMESTAMP ON UPDATE CURRENT_TIMESTAMP
) ENGINE=InnoDB DEFAULT CHARSET=latin1;

--
-- Dumping data for table `identity_type`
--

INSERT INTO `identity_type` (`id`, `name`, `created_date`) VALUES
(1, 'Passport', '2016-08-05 05:19:24'),
(2, 'National ID', '2016-08-03 08:02:10');

-- --------------------------------------------------------

--
-- Table structure for table `password_resets`
--

CREATE TABLE `password_resets` (
  `id` int(11) NOT NULL,
  `app_credential_id` int(11) NOT NULL,
  `token` varchar(500) NOT NULL,
  `created_date` timestamp NOT NULL DEFAULT CURRENT_TIMESTAMP
) ENGINE=InnoDB DEFAULT CHARSET=latin1;

--
-- Dumping data for table `password_resets`
--

INSERT INTO `password_resets` (`id`, `app_credential_id`, `token`, `created_date`) VALUES
(10, 64, 'c64427d08692e2d013fcdba8398afdfe', '2016-09-07 11:35:39'),
(11, 56, 'c409983e973d16ac4e5b46120acb319a', '2016-10-07 17:57:30'),
(12, 63, '8d760445417a321de8ca46e81aaf1cef', '2016-10-25 07:38:30'),
(15, 55, 'e1a866dae4a07e2362c2949803024c66', '2016-11-08 07:37:24'),
(16, 95, '00682adaa741575c03bb21d14ff98cb2', '2016-11-08 09:25:35'),
(17, 93, '409e1104354ff54355aaa0b93d8e19a9', '2016-11-08 12:34:25'),
(19, 105, 'a533f5c003ee9ffa0bfccf3d6994d056', '2016-11-30 03:31:19'),
(20, 74, '4dc94033150003079d2987181cc41bf7', '2016-11-30 06:04:55'),
(22, 67, '6b2f3b82981f4377968c7ec3520ccded', '2016-12-09 04:52:07');

-- --------------------------------------------------------

--
-- Table structure for table `payment_refund`
--

CREATE TABLE `payment_refund` (
  `id` bigint(11) NOT NULL,
  `app_credential_id` int(11) NOT NULL,
  `payment_id` bigint(11) NOT NULL,
  `total_amount` double(9,5) NOT NULL,
  `parent_pay_id` varchar(200) DEFAULT NULL,
  `paypal_sale_id` varchar(200) NOT NULL,
  `paypal_refund_id` varchar(200) DEFAULT NULL,
  `paypal_payment_date` datetime DEFAULT NULL,
  `created_date` timestamp NOT NULL DEFAULT CURRENT_TIMESTAMP ON UPDATE CURRENT_TIMESTAMP
) ENGINE=InnoDB DEFAULT CHARSET=latin1;

--
-- Dumping data for table `payment_refund`
--

INSERT INTO `payment_refund` (`id`, `app_credential_id`, `payment_id`, `total_amount`, `parent_pay_id`, `paypal_sale_id`, `paypal_refund_id`, `paypal_payment_date`, `created_date`) VALUES
(8, 32, 35, 3.00000, 'PAY-9RJ49173B26909616K7VFBJA', '5MA36879R77358434', NULL, NULL, '2016-09-27 11:02:53'),
(9, 32, 36, 9.00000, 'PAY-913051001H612103PK7VFIQY', '5RR37933SR262473A', NULL, NULL, '2016-09-27 11:15:45'),
(10, 32, 37, 5.00000, 'PAY-7FY67970PN5180506K7VWTKQ', '9GB83329P7743653C', NULL, NULL, '2016-09-28 06:57:39'),
(11, 57, 39, 5.00000, 'PAY-68U62620MX062994CK7VXFZA', '65373838H04804727', NULL, NULL, '2016-09-28 07:41:16'),
(12, 50, 41, 2.00000, 'PAY-2TA47638XU636342EK7VYZWA', '1RM21322B63444452', NULL, NULL, '2016-09-28 09:33:31'),
(13, 50, 45, 2.00000, 'PAY-7R749258LR296883KK7V22UI', '2D549788N64537927', NULL, NULL, '2016-09-28 11:57:51'),
(14, 57, 40, 2.53000, 'PAY-24E1222087974633SK7VYTAQ', '7XW95900SF5207545', NULL, NULL, '2016-09-28 12:06:09'),
(15, 50, 48, 2.00000, 'PAY-76T74506FX2757519K7V345A', '4U075104PA283272N', NULL, NULL, '2016-09-28 12:59:12'),
(16, 57, 49, 3.00000, 'PAY-2B634491U5708784YK7ZCL3Y', '9W135362AW512652G', NULL, NULL, '2016-10-03 09:45:54'),
(17, 57, 52, 1.00000, 'PAY-32964485G3389973BK7ZUD5Y', '746845526M406984F', NULL, NULL, '2016-10-04 05:53:02'),
(18, 32, 38, 5.00000, 'PAY-411328249P903843SK7VW22A', '2WY95077EY586824W', NULL, NULL, '2016-10-13 12:00:04'),
(19, 57, 43, 10.00000, 'PAY-14T5368960979425NK7V2DYA', '5PR49019F1181361T', NULL, NULL, '2016-10-13 12:00:07'),
(20, 50, 44, 2.00000, 'PAY-1F080054RD191122EK7V2ZRA', '48R638153J472950J', NULL, NULL, '2016-10-13 12:00:10'),
(21, 57, 46, 2.00000, 'PAY-5Y474679AX478440FK7V26DA', '0AW41446DK967225D', NULL, NULL, '2016-10-13 12:00:14'),
(22, 39, 60, 5.00000, 'PAY-00G9965358083604BLAG7DPA', '7HY8077083350161J', NULL, NULL, '2016-10-24 12:00:04'),
(23, 39, 59, 5.00000, 'PAY-7NK27735YL377123WLAG6Z5I', '2K443106T55617446', NULL, NULL, '2016-10-24 13:30:05'),
(24, 57, 61, 1.00000, 'PAY-6EF65859TE304621ALAHR7FI', '51H3954483802125P', NULL, NULL, '2016-10-25 09:30:03'),
(25, 57, 62, 1.00000, 'PAY-3NB03163V6325502ALAHSPZA', '5F4402308J9462233', NULL, NULL, '2016-10-31 05:17:12'),
(26, 57, 64, 5.00000, 'PAY-54R54470F4142580VLALPNSA', '2V594037D6831951B', NULL, NULL, '2016-10-31 07:47:30'),
(27, 57, 65, 1.00000, 'PAY-4RR28741P56069844LAMIB5Y', '8FM38225NW3100502', NULL, NULL, '2016-11-01 12:30:04'),
(28, 50, 63, 1.77000, 'PAY-13019315GB570691XLALPD7A', '98J392144S390713N', NULL, NULL, '2016-11-03 09:10:47'),
(29, 93, 70, 1.00000, 'PAY-4TR911883V842780YLAQ3HJY', '50B92811LE475814W', NULL, NULL, '2016-11-08 12:00:05'),
(30, 71, 66, 1.97000, 'PAY-7WD364107K0878241LANQFDQ', '8V076255747105703', NULL, NULL, '2016-11-08 12:32:22'),
(31, 93, 69, 0.93000, 'PAY-8RT51970PE429791MLAQ3ECY', '74A13341MK074592L', NULL, NULL, '2016-11-08 12:44:46'),
(32, 32, 72, 3.00000, 'PAY-3CT59179KU2321806LARROQQ', '83W41282Y5497604C', NULL, NULL, '2016-11-09 12:34:57'),
(33, 104, 74, 1.00000, 'PAY-8RS20631TH005150JLASCYFI', '11A46545L3724832A', NULL, NULL, '2016-11-10 08:20:07'),
(34, 63, 73, 0.93000, 'PAY-7PL53594ET964105RLASCLDA', '8W442034SW479983V', NULL, NULL, '2016-11-11 06:04:07'),
(35, 99, 75, 3.00000, 'PAY-1PC986727S979520TLAVJIZI', '2DA33791DJ7205035', NULL, NULL, '2016-11-15 05:30:03'),
(36, 99, 76, 3.00000, 'PAY-5RS03092KN402832GLAVJ4AI', '3J0831993N9925942', NULL, NULL, '2016-11-15 06:30:03'),
(37, 99, 77, 3.00000, 'PAY-06R29099HG491761GLAVLDUQ', '9M897960L9804605Y', NULL, NULL, '2016-11-15 10:00:06'),
(38, 99, 78, 3.00000, 'PAY-6E900780SD389382ALAVMUII', '70T95373CP6722626', NULL, NULL, '2016-11-15 10:00:09'),
(39, 99, 80, 3.00000, 'PAY-83Y595051U960552YLAVPPGY', '34285450V89783057', NULL, NULL, '2016-11-15 12:05:06'),
(40, 99, 81, 3.00000, 'PAY-05E013914V6803504LAV6H7Y', '57548336NR537081K', NULL, NULL, '2016-11-17 05:00:03'),
(41, 99, 85, 4.00000, 'PAY-6TC44223UJ233523MLAWURTI', '2CG47961G5088412J', NULL, NULL, '2016-11-17 06:11:42'),
(42, 99, 79, 2.00000, 'PAY-10J17306E31613929LAVOJJI', '0VM61724S0834513F', NULL, NULL, '2016-11-17 07:09:17'),
(43, 99, 89, 0.86000, 'PAY-6632159860779540PLAWWBTY', '6E734647G5540525P', NULL, NULL, '2016-11-17 07:58:36'),
(44, 99, 87, 1.00000, 'PAY-8BE04306RC905101RLAWVVDI', '52D38328DA203192X', NULL, NULL, '2016-11-17 08:03:05'),
(45, 99, 86, 1.00000, 'PAY-96D0134994127542DLAWVJLI', '1UX55593W4228253D', NULL, NULL, '2016-11-17 08:08:47'),
(46, 99, 90, 3.00000, 'PAY-4E888591V5516800RLAWYWFQ', '0K491729LC434223U', NULL, NULL, '2016-11-17 10:49:42');

-- --------------------------------------------------------

--
-- Table structure for table `payout`
--

CREATE TABLE `payout` (
  `id` bigint(11) NOT NULL,
  `rent_inf_id` int(11) NOT NULL,
  `app_credential_id` int(11) NOT NULL,
  `state` enum('pending','completed') NOT NULL COMMENT 'pending = Payment have not been transferred to user paypal account ',
  `total_amount` double(9,5) NOT NULL,
  `transaction_id` varchar(200) DEFAULT NULL,
  `transaction_status` varchar(200) DEFAULT NULL,
  `payout_batch_id` varchar(200) DEFAULT NULL,
  `paypal_payment_date` datetime DEFAULT NULL,
  `created_date` timestamp NOT NULL DEFAULT CURRENT_TIMESTAMP ON UPDATE CURRENT_TIMESTAMP
) ENGINE=InnoDB DEFAULT CHARSET=latin1;

--
-- Dumping data for table `payout`
--

INSERT INTO `payout` (`id`, `rent_inf_id`, `app_credential_id`, `state`, `total_amount`, `transaction_id`, `transaction_status`, `payout_batch_id`, `paypal_payment_date`, `created_date`) VALUES
(9, 30, 60, 'completed', 1.00000, '78T24151SS0406746', 'SUCCESS', 'GHBS7ABS9QSEQ', NULL, '2016-09-27 11:15:51'),
(10, 31, 50, 'completed', 0.47000, '37L84757KU0191632', 'SUCCESS', 'PKSVDQXURB39N', NULL, '2016-09-28 12:06:13'),
(11, 33, 71, 'completed', 2.00000, '0ST022733M684714K', 'SUCCESS', 'J3SD8P6Q5CQLL', NULL, '2016-10-04 05:53:08'),
(12, 36, 50, 'completed', 0.00000, NULL, 'FAILED', 'GKXFBTY64VNWJ', NULL, '2016-10-31 05:17:14'),
(13, 37, 57, 'completed', 0.23000, '31U067969K771203D', 'SUCCESS', 'L5Y6B9TUBS5CW', NULL, '2016-11-03 09:10:54'),
(14, 44, 104, 'completed', 0.07000, '9G810342E1081471F', 'SUCCESS', 'VF4G8Q7R7L7YG', NULL, '2016-11-11 06:04:12'),
(15, 45, 32, 'completed', 1.00000, '0RB84393R17762017', 'SUCCESS', 'ALN9V5BEFYGD2', NULL, '2016-11-17 07:09:22'),
(16, 53, 32, 'completed', 0.14000, '1JA42866JT9709807', 'SUCCESS', 'P7EQUXTUL7B66', NULL, '2016-11-17 07:58:41'),
(17, 51, 32, 'completed', 2.00000, '2V79395456254373T', 'SUCCESS', 'ABC2WC7CH3YNA', NULL, '2016-11-17 08:03:09'),
(18, 50, 32, 'completed', 4.00000, '0XH46273045120628', 'SUCCESS', 'DM8FPA2A48JPU', NULL, '2016-11-17 08:08:51');

-- --------------------------------------------------------

--
-- Table structure for table `product`
--

CREATE TABLE `product` (
  `id` int(11) NOT NULL,
  `owner_id` int(11) NOT NULL,
  `name` varchar(200) NOT NULL,
  `description` text NOT NULL,
  `average_rating` float(5,2) NOT NULL DEFAULT '0.00',
  `rating` int(1) NOT NULL DEFAULT '0',
  `profile_image` text NOT NULL,
  `other_images` text,
  `current_value` double(200,2) NOT NULL,
  `rent_fee` double(8,2) NOT NULL,
  `rent_type_id` int(11) NOT NULL DEFAULT '1',
  `active` tinyint(1) NOT NULL,
  `currently_available` tinyint(1) NOT NULL,
  `available_from` datetime NOT NULL,
  `available_till` datetime NOT NULL,
  `review_status` tinyint(1) NOT NULL DEFAULT '0',
  `created_date` timestamp NOT NULL DEFAULT CURRENT_TIMESTAMP ON UPDATE CURRENT_TIMESTAMP
) ENGINE=InnoDB DEFAULT CHARSET=latin1;

--
-- Dumping data for table `product`
--

INSERT INTO `product` (`id`, `owner_id`, `name`, `description`, `average_rating`, `rating`, `profile_image`, `other_images`, `current_value`, `rent_fee`, `rent_type_id`, `active`, `currently_available`, `available_from`, `available_till`, `review_status`, `created_date`) VALUES
(13, 39, 'Technic Electric Beauty 12 Bright Eyeshadow Palette', 'Contains 12 vibrant eye shadow You can create an array of stunningly radiant looks that will make your peepers stand out A dramatic look Simply pick your favourite shade and build up the shadow in layers until you get the intensity you desire', 2.10, 0, '{"original":{"path":"product/39/111245506866506.jpg","type":"","size":{"width":1600,"height":1200}},"thumb":[]}', '[]', 5.00, 2.00, 1, 1, 0, '2016-10-24 00:00:00', '2017-10-25 00:00:00', 1, '2016-12-09 11:18:12'),
(15, 32, 'Restaurant', 'Restaurant for rent', 4.00, 0, '{"original":{"path":"product/32/256608369576878.jpg","type":"","size":{"width":550,"height":364}},"thumb":[]}', '[]', 5.00, 2.00, 2, 1, 1, '2016-10-24 00:00:00', '2016-10-25 00:00:00', 1, '2016-12-09 11:18:12'),
(16, 32, 'Audi Bicycle', 'Audi Bicycle for rent', 3.00, 0, '{"original":{"path":"product/32/259756689545007.jpg","type":"","size":{"width":1024,"height":768}},"thumb":[]}', '[]', 5.00, 2.00, 1, 1, 1, '2016-10-24 00:00:00', '2016-11-30 00:00:00', 1, '2016-09-26 05:17:30'),
(17, 32, 'Ferrari', 'Ferrari for rent', 0.00, 0, '{"original":{"path":"product/32/260072809252650.jpg","type":"","size":{"width":680,"height":420}},"thumb":[]}', '[{"original":{"path":"product/32/260072834329618.jpg","type":"","size":{"width":881,"height":476}},"thumb":[]},{"original":{"path":"product/32/260072840309584.jpg","type":"","size":{"width":480,"height":320}},"thumb":[]}]', 5.00, 2.00, 1, 1, 1, '2016-10-24 00:00:00', '2016-12-31 00:00:00', 1, '2016-09-26 05:17:30'),
(18, 32, 'Bicycle', 'Rent a Bike Damstraat is a bicycle rental company, located in the centre of Amsterdam, the Netherlands. We have all sorts of bikes for rent!', 0.00, 0, '{"original":{"path":"product/32/260579409448290.jpg","type":"","size":{"width":2400,"height":1483}},"thumb":[]}', '[]', 5.00, 2.00, 1, 1, 1, '2016-10-24 00:00:00', '2016-10-25 00:00:00', 1, '2016-09-26 05:17:30'),
(19, 32, 'Rent a Bike Damstraat is a bicycle rental company, located in the centre of Amsterdam, the Netherlands. We have all sorts of bikes for rent!', 'Rent a Bike Damstraat is a bicycle rental company, located in the centre of Amsterdam, the Netherlands. We have all sorts of bikes for rent!,,,Address: Damstraat 20, 1012 JM Amsterdam, Netherlands Phone: +31 20 625 5029 Hours: Open today &middot; 9AM–6PM', 0.00, 0, '{"original":{"path":"product/32/260695686846623.jpg","type":"","size":{"width":1164,"height":775}},"thumb":[]}', '[]', 3.00, 1.00, 1, 1, 1, '2016-10-24 00:00:00', '2017-01-19 00:00:00', 1, '2016-09-26 05:17:30'),
(20, 37, 'test', 'Hello from the other side', 0.00, 0, '{"original":{"path":"product/37/266582351965978.jpg","type":"","size":{"width":512,"height":288}},"thumb":[]}', '[]', 5.00, 2.00, 1, 1, 1, '2016-08-20 00:00:00', '2016-09-04 00:00:00', 1, '2016-09-26 05:17:30'),
(21, 37, 'Audi car ', 'This is Audi car rental test ', 0.00, 0, '{"original":{"path":"product/37/266786240508798.jpg","type":"","size":{"width":483,"height":305}},"thumb":[]}', '[]', 5.00, 2.00, 2, 1, 1, '2016-08-19 00:00:00', '2016-09-16 00:00:00', 1, '2016-09-26 05:17:30'),
(22, 37, 'speed boat', 'Speed Boat for rental service', 0.00, 0, '{"original":{"path":"product/37/267050253022904.jpg","type":"","size":{"width":500,"height":202}},"thumb":[]}', '[]', 5.00, 2.00, 1, 1, 1, '2016-08-13 00:00:00', '2016-12-31 00:00:00', 1, '2016-09-26 05:17:30'),
(23, 37, 'To Let', 'Flat to rental', 0.00, 0, '{"original":{"path":"product/37/267363062358261.jpg","type":"","size":{"width":437,"height":336}},"thumb":[]}', '[]', 5.00, 2.00, 3, 1, 1, '2016-08-13 00:00:00', '2017-02-28 00:00:00', 1, '2016-09-26 05:17:30'),
(24, 37, 'Washing Machine ', 'Washing machines are ready to be rented', 0.00, 0, '{"original":{"path":"product/37/272939648372219.jpg","type":"","size":{"width":300,"height":300}},"thumb":[]}', '[{"original":{"path":"","type":"","size":{"width":0,"height":0}},"thumb":[]},{"original":{"path":"product/37/272940005938205.jpg","type":"","size":{"width":300,"height":300}},"thumb":[]},{"original":{"path":"product/37/272940008227679.jpg","type":"","size":{"width":384,"height":384}},"thumb":[]}]', 5.00, 2.00, 3, 1, 1, '2016-08-13 00:00:00', '2017-01-31 00:00:00', 1, '2016-09-26 05:17:30'),
(25, 37, 'Washing Machine swidis', 'Product description for washing machine ', 0.00, 0, '{"original":{"path":"product/37/273167208288218.jpg","type":"","size":{"width":384,"height":384}},"thumb":[]}', '[{"original":{"path":"","type":"","size":{"width":0,"height":0}},"thumb":[]},{"original":{"path":"product/37/273167565558221.jpg","type":"","size":{"width":300,"height":300}},"thumb":[]},{"original":{"path":"product/37/273167567829945.jpg","type":"","size":{"width":384,"height":384}},"thumb":[]}]', 5.00, 2.00, 3, 1, 1, '2016-08-13 00:00:00', '2017-01-31 00:00:00', 1, '2016-09-26 05:17:30'),
(26, 37, 'Sofa Set', 'Sofa set !!', 0.00, 0, '{"original":{"path":"product/37/273709552115451.jpg","type":"","size":{"width":568,"height":284}},"thumb":[]}', '[{"original":{"path":"","type":"","size":{"width":0,"height":0}},"thumb":[]},{"original":{"path":"product/37/273709969154209.jpg","type":"","size":{"width":543,"height":271}},"thumb":[]},{"original":{"path":"product/37/273710330272867.productImage","type":"","size":{"width":568,"height":284}},"thumb":[]},{"original":{"path":"product/37/273710749402915.productImage","type":"","size":{"width":543,"height":271}},"thumb":[]}]', 5.00, 2.00, 2, 1, 1, '2016-08-19 00:00:00', '2016-09-17 00:00:00', 1, '2016-09-26 05:17:30'),
(27, 37, 'test', 'Test', 3.00, 0, '{"original":{"path":"product/37/604725567173254.jpg","type":"","size":{"width":437,"height":336}},"thumb":[]}', '[{"original":{"path":"","type":"","size":{"width":0,"height":0}},"thumb":[]},{"original":{"path":"product/37/604725598322230.jpg","type":"","size":{"width":496,"height":296}},"thumb":[]},{"original":{"path":"product/37/604725602716173.productImage","type":"","size":{"width":437,"height":336}},"thumb":[]}]', 5.00, 2.00, 2, 1, 1, '2016-08-18 00:00:00', '2016-08-18 00:00:00', 1, '2016-09-26 05:17:30'),
(28, 37, 'Audi Test ', 'Car rental service', 3.00, 0, '{"original":{"path":"product/37/610484730413006.jpg","type":"","size":{"width":525,"height":280}},"thumb":[]}', '[{"original":{"path":"","type":"","size":{"width":0,"height":0}},"thumb":[]},{"original":{"path":"product/37/610484736915942.jpg","type":"","size":{"width":483,"height":305}},"thumb":[]},{"original":{"path":"product/37/610484740959653.productImage","type":"","size":{"width":483,"height":305}},"thumb":[]}]', 5.00, 2.00, 2, 1, 1, '2016-08-17 00:00:00', '2016-12-22 00:00:00', 1, '2016-09-26 05:17:30'),
(29, 37, 'Ted', 'rent!', 4.00, 0, '{"original":{"path":"product/37/612326980984826.jpg","type":"","size":{"width":401,"height":366}},"thumb":[]}', '[{"original":{"path":"","type":"","size":{"width":0,"height":0}},"thumb":[]}]', 5.00, 2.00, 2, 1, 1, '2016-08-19 00:00:00', '2016-09-16 00:00:00', 1, '2016-09-26 05:17:30'),
(30, 37, 'Furniture', 'Testing image upload', 2.00, 0, '{"original":{"path":"product/37/617005243029550.jpg","type":"","size":{"width":543,"height":271}},"thumb":[]}', '[{"original":{"path":"product/37/617005248672337.jpg","type":"","size":{"width":568,"height":284}},"thumb":[]},{"original":{"path":"product/37/617005254117060.jpg","type":"","size":{"width":800,"height":400}},"thumb":[]},{"original":{"path":"product/37/617005262141869.jpg","type":"","size":{"width":496,"height":296}},"thumb":[]}]', 5.00, 2.00, 1, 1, 1, '2016-08-20 00:00:00', '2017-03-03 00:00:00', 1, '2016-09-26 05:17:30'),
(31, 37, 'Party Is On', 'Testing single image', 3.00, 0, '{"original":{"path":"product/37/617156661270390.jpg","type":"","size":{"width":500,"height":202}},"thumb":[]}', '[]', 5.00, 2.00, 1, 1, 1, '2016-08-19 00:00:00', '2017-01-05 00:00:00', 1, '2016-09-26 05:17:30'),
(32, 38, 'watch', 'water resistance', 4.00, 0, '{"original":{"path":"product/38/631587147514611.png","type":"","size":{"width":354,"height":414}},"thumb":[]}', '[{"original":{"path":"product/38/631587211045129.png","type":"","size":{"width":354,"height":414}},"thumb":[]}]', 5.00, 2.00, 3, 1, 1, '2016-08-16 00:00:00', '2016-08-27 00:00:00', 1, '2016-09-26 05:17:30'),
(33, 37, 'Gameing Computer', 'Gaming pc for rent ! First', 1.00, 0, '{"original":{"path":"product/37/691594728818965.jpg","type":"","size":{"width":516,"height":285}},"thumb":[]}', '[{"original":{"path":"product/37/691594769041054.jpg","type":"","size":{"width":336,"height":189}},"thumb":[]},{"original":{"path":"product/37/691594771818654.productImage","type":"","size":{"width":265,"height":190}},"thumb":[]}]', 5.00, 2.00, 2, 1, 1, '2016-08-19 00:00:00', '2017-08-31 00:00:00', 1, '2016-09-26 05:17:30'),
(34, 38, 'Samsung A5', 'Android Marshmallow\nsensors are good\nu can play clash of clans!!!', 3.50, 0, '{"original":{"path":"product/38/693937957631074.jpg","type":"","size":{"width":443,"height":332}},"thumb":[]}', '[{"original":{"path":"product/38/693937962492585.jpg","type":"","size":{"width":470,"height":313}},"thumb":[]},{"original":{"path":"product/38/693937966752517.jpg","type":"","size":{"width":470,"height":313}},"thumb":[]},{"original":{"path":"product/38/693937969890214.jpg","type":"","size":{"width":300,"height":168}},"thumb":[]}]', 5.00, 2.00, 3, 1, 1, '2016-08-18 00:00:00', '2016-10-18 00:00:00', 1, '2016-09-26 05:17:30'),
(35, 37, 'Gaming Computer', 'Testing gaming pc ', 3.50, 0, '{"original":{"path":"product/37/696474839504211.JPG","type":"","size":{"width":516,"height":285}},"thumb":[]}', '[{"original":{"path":"product/37/696474845666736.JPG","type":"","size":{"width":336,"height":189}},"thumb":[]},{"original":{"path":"product/37/696474849111958.JPG","type":"","size":{"width":265,"height":190}},"thumb":[]}]', 5.00, 2.00, 2, 1, 1, '2016-08-19 00:00:00', '2016-09-10 00:00:00', 1, '2016-09-26 05:17:30'),
(36, 46, 'Car Rental', 'Rental car go back and forth between a good time to go out to be the same thing as the only thing I don\'t have a good time waster but I can\'t believe that the two of my life and death in the morning is a good day at work today was the first half and the other hand the whole thing was that a lot of fun and I love it when you are the best of the best way to the gym today is a very long time to time in the morning is the best of all time favorite song by ', 5.00, 0, '{"original":{"path":"product/46/712241706821081.JPG","type":"","size":{"width":491,"height":300}},"thumb":[]}', '[{"original":{"path":"product/46/712241714227112.JPG","type":"","size":{"width":300,"height":199}},"thumb":[]},{"original":{"path":"product/46/712241718072137.PNG","type":"","size":{"width":800,"height":600}},"thumb":[]},{"original":{"path":"product/46/712241731643814.PNG","type":"","size":{"width":443,"height":332}},"thumb":[]},{"original":{"path":"product/46/712241737326522.JPG","type":"","size":{"width":512,"height":288}},"thumb":[]}]', 5.00, 2.00, 2, 1, 1, '2016-08-18 00:00:00', '2017-05-04 00:00:00', 1, '2016-12-09 11:18:12'),
(37, 42, 'Dometic™ WMD-1050 Compact Front loading washing machine', 'The Dometic Space Saver washing machine is the ideal solution for those people with limited space, and has features and performance you would expect from a world leader in home laundry appliances. Space Saver design. The Swedish produced front loader washing machine is compact in design and is manufactured to comfortably handle laundry loads of up to 3kg. As a front loader, and unlike conventional top loading appliances, the Space Saver can be installed under a work bench. This allows you maximum work bench space in your kitchen or laundry. In addition the slimline width (495mm) makes it the perfect Space Saver for a small kitchen or laundry.\nFeatures\n   front loader\n   Water heater\n   Water Connects to 3/4 inch BSP\n   Hot or Cold water fill\nSpecifications\n  3.0 kg capacity\n  240V\n  54kg - weight of unit\n  Dimensions 495mm wide, 670mm high, 515mm depth\n  Shipping Weight: 63.00 Kgs.\n  Shipping Dimensions: 86 cm x 57 cm x 55 cm.', 3.00, 0, '{"original":{"path":"product/42/882055946976354.JPG","type":"","size":{"width":244,"height":325}},"thumb":[]}', '[]', 5.00, 2.00, 3, 1, 1, '2016-08-19 00:00:00', '2016-09-30 00:00:00', 1, '2016-09-26 05:17:30'),
(38, 49, 'Test', 'test', 0.00, 0, '{"original":{"path":"product/49/18407698534591.jpg","type":"","size":{"width":1500,"height":800}},"thumb":[]}', '[]', 5.00, 2.00, 1, 1, 1, '2016-08-22 00:00:00', '2016-08-31 00:00:00', 1, '2016-09-26 05:17:30'),
(39, 37, 'test product', 'The only thing that would make it try ', 0.00, 0, '{"original":{"path":"product/37/18786913014841.JPG","type":"","size":{"width":496,"height":296}},"thumb":[]}', '[{"original":{"path":"product/37/18786916725671.JPG","type":"","size":{"width":496,"height":296}},"thumb":[]},{"original":{"path":"product/37/18786919362517.JPG","type":"","size":{"width":525,"height":280}},"thumb":[]}]', 5.00, 2.00, 2, 1, 1, '2016-08-25 00:00:00', '2016-09-09 00:00:00', 1, '2016-12-09 11:18:12'),
(40, 38, 'Cool Tv', 'Only 2 months used', 0.00, 0, '{"original":{"path":"product/38/173307675097426.jpg","type":"","size":{"width":252,"height":200}},"thumb":[]}', '[{"original":{"path":"product/38/173307676933594.jpg","type":"","size":{"width":258,"height":195}},"thumb":[]}]', 5.00, 2.00, 2, 1, 1, '2016-09-01 00:00:00', '2016-11-01 00:00:00', 1, '2016-09-26 05:17:30'),
(41, 38, 'Galaxy Note 7', 'new device', 0.00, 0, '{"original":{"path":"product/38/173636992870939.jpg","type":"","size":{"width":635,"height":357}},"thumb":[]}', '[{"original":{"path":"product/38/173637101410495.jpg","type":"","size":{"width":512,"height":288}},"thumb":[]}]', 5.00, 2.00, 3, 1, 1, '2016-09-08 00:00:00', '2016-11-12 00:00:00', 1, '2016-09-26 05:17:30'),
(42, 38, 'PS4', '6 months used. No problems. can also provide additional games', 0.00, 0, '{"original":{"path":"product/38/173814486069776.jpg","type":"","size":{"width":512,"height":288}},"thumb":[]}', '[{"original":{"path":"product/38/173814487968940.png","type":"","size":{"width":260,"height":150}},"thumb":[]}]', 5.00, 2.00, 3, 1, 1, '2016-09-09 00:00:00', '2016-11-18 00:00:00', 1, '2016-12-09 11:18:12'),
(46, 32, 'BAR', 'BAR for rent', 0.00, 0, '{"original":{"path":"product/32/632879814395904.jpg","type":"","size":{"width":550,"height":364}},"thumb":[]}', '[]', 5.00, 2.00, 1, 1, 1, '2016-08-29 00:00:00', '2016-12-30 00:00:00', 1, '2016-09-26 05:17:30'),
(47, 42, 'test', 'TEST TEST TEST ', 0.00, 0, '{"original":{"path":"product/42/28093170220801.jpg","type":"","size":{"width":275,"height":183}},"thumb":[]}', '[{"original":{"path":"product/42/28093174665639.jpg","type":"","size":{"width":288,"height":175}},"thumb":[]},{"original":{"path":"product/42/28093178184616.jpg","type":"","size":{"width":305,"height":165}},"thumb":[]},{"original":{"path":"product/42/28093181404417.jpg","type":"","size":{"width":275,"height":183}},"thumb":[]}]', 5.00, 2.00, 4, 1, 1, '2016-08-30 00:00:00', '2016-09-10 00:00:00', 1, '2016-09-26 05:17:30'),
(48, 50, 'Living Room Luxurious Sofa ', 'Modern Furniture is a La-Z-boy Comfort Studio. We proudly present the finest home furnishings manufactured by La-Z-boy in a wide selection of colors and designs.', 0.00, 0, '{"original":{"path":"product/50/94725964472382.gif","type":"","size":{"width":600,"height":400}},"thumb":[]}', '[]', 5.00, 2.00, 3, 1, 1, '2016-09-02 00:00:00', '2017-09-30 00:00:00', 1, '2016-09-26 05:17:30'),
(49, 50, 'Seven Port Multi Device USB Charger Edit', 'Gone are the times when people used to have huge scanners at their workplaces or at their homes. Now the market has introduced portable scanners that are easy to carry and work so smartly. This portable, handheld scanner is so apt for the businessmen,!@#@##@@!@`11`&^%$# students and travelers etc. It magically and digitally converts your color or black & white photos, receipts and books into digital files. Now you can yourself scan images with up to 1050 DPI resolution and save them directly to a SD memory card. It for sure is a must have for 2016 Description !@#@##@@!@', 4.00, 0, '{"original":{"path":"product/50/95067902990533.jpg","type":"","size":{"width":600,"height":577}},"thumb":[]}', '[{"original":{"path":"product/50/95067918172000.jpg","type":"","size":{"width":298,"height":164}},"thumb":[]}]', 2.00, 1.00, 1, 1, 1, '2016-10-19 00:00:00', '2016-10-28 00:00:00', 1, '2016-09-26 05:17:30'),
(50, 50, 'Razer Blade Gaming Product', 'It’s not cheap, but if you have deep pockets, the new Razer Blade is the closest thing you’ll find to a no-compromise gaming laptop. Aside from the price, the one thing we don’t like about the new Blade is that it trades stellar battery life for a sharper 3,200 x 1,800 display.', 0.00, 0, '{"original":{"path":"product/50/95689902654339.jpg","type":"","size":{"width":1600,"height":900}},"thumb":[]}', '[{"original":{"path":"product/50/95689927211602.jpg","type":"","size":{"width":750,"height":563}},"thumb":[]}]', 5.00, 2.00, 2, 1, 1, '2016-02-09 00:00:00', '2016-09-09 00:00:00', 1, '2016-09-26 05:17:30'),
(51, 50, 'Adhesive Product For Home', 'Previous?Lushan Defeats Foreign Competitors on 3LPE /3LPP Copolymer Adhesive in Chinese Market Next?Lushan PP coating system for steel pipe anti-corrosion stepping into international market', 0.00, 0, '{"original":{"path":"product/50/95953992842064.jpg","type":"","size":{"width":451,"height":336}},"thumb":[]}', '[]', 5.00, 2.00, 4, 1, 1, '2016-09-01 00:00:00', '2017-09-01 00:00:00', 1, '2016-09-26 05:17:30'),
(52, 51, 'Samsung Convection Microwave Oven', 'Samsung CE75JD-SB 21 L Convection Microwave Oven Specification\n\nTurntable Diameter (mm): 255\nHeight (mm): 282\nWidth (mm): 489\nDepth (mm): 444\nWeight (kg): 15\n\nPOWER CONSUMPTION\nMicrowave Power Consumption (output): 1200 w\nGrill Power Consumption (output): 1100 w\nConvection Power Consumption (output): 1700 w', 0.00, 0, '{"original":{"path":"product/51/97204668082031.jpeg","type":"","size":{"width":400,"height":241}},"thumb":[]}', '[{"original":{"path":"product/51/97204674455710.jpeg","type":"","size":{"width":400,"height":237}},"thumb":[]}]', 5.00, 2.00, 3, 1, 1, '2016-09-01 00:00:00', '2016-09-28 00:00:00', 1, '2016-09-26 05:17:30'),
(53, 51, 'Wooden Cabinet', 'Description!!!', 0.00, 0, '{"original":{"path":"product/51/97570411891242.jpg","type":"","size":{"width":981,"height":852}},"thumb":[]}', '[]', 5.00, 2.00, 3, 1, 1, '2016-09-01 00:00:00', '2016-09-23 00:00:00', 1, '2016-09-26 05:17:30'),
(54, 55, 'Gun shaped digital camera', 'A gun-shaped digital camera may not be practical, or even safe, should it be on you at the airport or any other public areas with heavy security, but it\'s still cool-looking nonetheless. We\'ve rounded up eighteen more cool and geeky gadgets, accessories you might want. continue reading to see them all.', 0.00, 0, '{"original":{"path":"product/55/5990418539740.jpg","type":"","size":{"width":450,"height":300}},"thumb":[]}', '[{"original":{"path":"product/55/5990461918397.jpg","type":"","size":{"width":262,"height":225}},"thumb":[]},{"original":{"path":"product/55/5990481057931.jpg","type":"","size":{"width":500,"height":250}},"thumb":[]}]', 5.00, 2.00, 1, 1, 1, '2016-09-03 00:00:00', '2016-12-31 00:00:00', 1, '2016-09-26 05:17:30'),
(55, 57, 'Norman Dressing Table in Red Colour by Durian', 'Brand: Durian  Height: 75 inches  Width: 64 inches  Depth: 21 inches  Assembly: Carpenter Assembly  Warranty: 60 Months\' Warranty  Dimensions: H 75.4 x W 64.2 x D 20.9  Primary Material:', 0.00, 0, '{"original":{"path":"product/57/174242559286551.jpg","type":"","size":{"width":494,"height":544}},"thumb":[]}', '[{"original":{"path":"product/57/338329826308348.jpg","type":"","size":{"width":458,"height":458}},"thumb":[]}]', 4.00, 1.00, 4, 1, 1, '2018-09-05 00:00:00', '2016-10-05 00:00:00', 1, '2016-09-26 05:17:30'),
(56, 57, 'Madison Console Table in Espresso Walnut Finish by Woodsworth', 'Brand: Woodsworth\n\nHeight: 30 inches\n\nWidth: 39 inches\n\nDepth: 10 inches\n\nAssembly: No Assembly Required\n\nColour: Espresso Walnut\n\nWarranty: 12 Months\' Warranty\n\nDimensions: H 30 x W 39 x D 10\n\nPrimary Material: Sheesham Wood\n\nWeight: 20 KG\n\nBox Count: 1\n\nRoom Type: Living Room\n\nSku:FM1353897-S-PM15275', 3.00, 0, '{"original":{"path":"product/57/183096940183379.jpg","type":"","size":{"width":494,"height":544}},"thumb":[]}', '[{"original":{"path":"product/57/183096969245018.jpg","type":"","size":{"width":800,"height":880}},"thumb":[]},{"original":{"path":"product/57/183097112464492.jpg","type":"","size":{"width":494,"height":544}},"thumb":[]},{"original":{"path":"product/57/183097158793174.jpg","type":"","size":{"width":494,"height":544}},"thumb":[]}]', 5.00, 2.00, 3, 1, 1, '2016-09-05 00:00:00', '2016-10-05 00:00:00', 1, '2016-09-26 05:17:30'),
(57, 57, 'Anemos Metal & Ruby Red Chandelier', 'Brand: Anemos\n\nTotal Dimensions (LxBxH Inches): 22x22x24\n\nHolder & Plug type: E14 Holder\n\nPack Content: 1 Pc\n\nSku:LL1419372-S-PM6255', 4.00, 0, '{"original":{"path":"product/57/248520468710958.jpg","type":"","size":{"width":494,"height":544}},"thumb":[]}', '[]', 5.00, 2.00, 4, 1, 1, '2016-09-06 00:00:00', '2017-09-01 00:00:00', 1, '2016-09-26 05:17:30'),
(59, 57, '52" Plasma TV', 'About - 52" Plasma TV\nWorried about scratches and damages on your TV screen? The 52” HD Plasma screens are the most durable flat screen. Enjoy sheer perfection of colour, contrast and clarity with the all-powerful engineering. Viewers can enjoy any content in this high resolution TV. Simply connect your USB or external hard drive to the USB port to play its content on your TV screen and enjoy immersive viewing and optimal design with plasma TV.  It also comes with a stand and can be wall-mounted.', 0.00, 0, '{"original":{"path":"product/57/249255585174109.jpg","type":"","size":{"width":1000,"height":1000}},"thumb":[]}', '[]', 5.00, 2.00, 3, 1, 1, '2016-09-06 00:00:00', '2017-09-06 00:00:00', 1, '2016-09-26 05:17:30'),
(60, 57, 'DSLR Camera + Wide Angle Lens', 'About - DSLR Camera + Wide Angle Lens\nThis DSLR camera packs in all the punch of photography and makes it fun for all its users. It also has abundant auto shooting features and is compatible with wide angle lenses, allowing you to take beautiful photos like a professional, regardless of subject and genre. Now share your world more easily with its Wi-Fi connectivity. Take distinctive photos from this camera that sets you apart. If you want to focus on an object which requires good zooming then add on the wide angle lens and capture the perfect shot like a pro!', 0.00, 0, '{"original":{"path":"product/57/249392798308635.jpg","type":"","size":{"width":1000,"height":1000}},"thumb":[]}', '[{"original":{"path":"product/57/249392924803118.jpg","type":"","size":{"width":1000,"height":1000}},"thumb":[]},{"original":{"path":"product/57/249393064097045.jpg","type":"","size":{"width":1000,"height":1000}},"thumb":[]},{"original":{"path":"product/57/249393183259890.jpg","type":"","size":{"width":1000,"height":1000}},"thumb":[]}]', 5.00, 2.00, 3, 1, 1, '2016-09-07 00:00:00', '2016-11-08 00:00:00', 1, '2016-09-26 05:17:30'),
(61, 35, 'Sofa', 'Soft spring sofa.', 3.00, 0, '{"original":{"path":"product/35/1379436311768009.jpg","type":"","size":{"width":1000,"height":800}},"thumb":[]}', '[]', 5.00, 2.00, 1, 1, 1, '2016-10-08 00:00:00', '2017-10-08 00:00:00', 1, '2016-09-26 05:17:30'),
(62, 35, 'Dining Set', '1 table\n8 chair', 4.00, 0, '{"original":{"path":"product/35/1381215748312145.jpg","type":"","size":{"width":640,"height":540}},"thumb":[]}', '[]', 5.00, 2.00, 2, 1, 1, '2016-09-19 00:00:00', '2016-10-02 00:00:00', 1, '2016-09-26 05:17:30'),
(63, 60, 'idea', 'How many people who don\'t like me but the fact that the two sides of a good day for a while tupelo the type yup I\'m so happy to have Wyoming the same thing over and over again your life is so good ', 0.00, 0, '{"original":{"path":"product/60/34029978785748.JPG","type":"","size":{"width":483,"height":305}},"thumb":[]}', '[{"original":{"path":"product/60/34030048708299.JPG","type":"","size":{"width":500,"height":202}},"thumb":[]},{"original":{"path":"product/60/34030088805634.JPG","type":"","size":{"width":525,"height":280}},"thumb":[]}]', 5.00, 2.00, 1, 1, 1, '2016-09-24 00:00:00', '2016-10-14 00:00:00', 1, '2016-09-26 05:17:30'),
(64, 32, 'Test', 'Test', 0.00, 0, '{"original":{"path":"product/32/7345599080711.jpg","type":"","size":{"width":1600,"height":1200}},"thumb":[]}', '[{"original":{"path":"product/32/4141877304620855.jpg","type":"","size":{"width":500,"height":333}},"thumb":[]},{"original":{"path":"product/32/4141877465300650.jpg","type":"","size":{"width":550,"height":364}},"thumb":[]}]', 5.00, 2.00, 1, 1, 1, '2016-09-23 00:00:00', '2017-11-30 00:00:00', 1, '2016-09-26 05:17:30'),
(65, 60, 'iPhone app test', 'Josh she', 0.00, 0, '{"original":{"path":"product/60/153489215082028.JPG","type":"","size":{"width":640,"height":640}},"thumb":[]}', '[]', 1239.00, 200.00, 2, 1, 1, '2016-09-26 00:00:00', '2016-10-01 00:00:00', 1, '2016-09-26 09:02:35'),
(66, 60, 'Rent Product', 'Jshsdh disowns', 0.00, 0, '{"original":{"path":"product/60/153933899720605.PNG","type":"","size":{"width":640,"height":1136}},"thumb":[]}', '[{"original":{"path":"product/60/153933959524600.PNG","type":"","size":{"width":640,"height":1136}},"thumb":[]}]', 10.00, 1.00, 3, 1, 1, '2016-09-26 00:00:00', '2016-10-26 00:00:00', 1, '2016-09-27 11:12:15'),
(67, 57, 'Beats PowerBeats 2 Wireless', 'Designed for athletes who defy the ordinary, the Powerbeats2 Wireless deliver unparalleled performance. Using dual-drivers, these reimagined wireless earphones let premium sound accompany and motivate you through any workout', 0.00, 0, '{"original":{"path":"product/57/229987015078794.jpg","type":"","size":{"width":421,"height":310}},"thumb":[]}', '[{"original":{"path":"product/57/229987154315026.jpg","type":"","size":{"width":421,"height":310}},"thumb":[]},{"original":{"path":"product/57/229987165904386.jpg","type":"","size":{"width":421,"height":310}},"thumb":[]}]', 3000.00, 500.00, 2, 1, 1, '2016-09-28 00:00:00', '2016-10-07 00:00:00', 1, '2016-09-27 06:17:33'),
(68, 50, 'Smart Wireless Keyboard', 'Enhance your Smart TV experience with the VG-KBD2500 Wireless Keyboard. Accessing the internet with Smart Hub has never been easier. You can write social network messages and emails or enter web addresses quickly and easily with Bluetooth', 0.00, 0, '{"original":{"path":"product/50/323698125609125.png","type":"","size":{"width":800,"height":600}},"thumb":[]}', '[{"original":{"path":"product/50/323698571652666.jpg","type":"","size":{"width":494,"height":544}},"thumb":[]}]', 3.00, 2.00, 1, 1, 1, '2016-09-28 00:00:00', '2017-09-29 00:00:00', 1, '2016-09-28 08:19:25'),
(69, 57, 'Free Gear VR or 256GB memory card', 'For a limited time, buy a Galaxy S7 edge or Galaxy S7 and get a free Gear VR or 256GB memory card. Supplies limited. Terms apply.`213@#%$^&**(\n\nBUY NOW', 0.00, 0, '{"original":{"path":"product/57/327428364679324.jpg","type":"","size":{"width":526,"height":394}},"thumb":[]}', '[]', 2.00, 2.00, 3, 1, 1, '2016-09-29 00:00:00', '2017-09-30 00:00:00', 1, '2016-09-28 09:21:34'),
(70, 57, 'White Baby Cribs', 'Beautifully designed cot with trundle drawer included. One handed drop side mechanism, 2 level base and teething rails.', 4.00, 0, '{"original":{"path":"product/57/335754588152718.jpg","type":"","size":{"width":342,"height":300}},"thumb":[]}', '[{"original":{"path":"product/57/335754605756526.jpg","type":"","size":{"width":500,"height":500}},"thumb":[]}]', 2.00, 1.00, 3, 1, 1, '2016-09-28 00:00:00', '2017-10-05 00:00:00', 1, '2016-09-28 11:40:21'),
(71, 57, 'Marble Stroller', 'Cleverly engineered with perfect weight distribution for optimised performance, terrain allows you to ‘pop’ the front wheel up for kerb hopping around the city.', 0.00, 0, '{"original":{"path":"product/57/335840269648802.jpg","type":"","size":{"width":383,"height":300}},"thumb":[]}', '[]', 2.00, 1.00, 3, 1, 1, '2016-09-28 00:00:00', '2017-10-07 00:00:00', 1, '2016-09-28 11:41:46'),
(72, 50, 'Razer Naga 2014 Expert MMO Gaming Mouse', 'The Razer Naga’s revolutionary 12 button thumb grid has been outfitted with mechanical switches to give you tactile and audible feedback, so you can be assured of every actuation. The design of the thumb grid itself has also been improved with an all-new concave shape to allow each button to stand out individually. This allows for blind-find so you stay focused on the game, letting your instincts and reflexes lead you to victory.', 0.00, 0, '{"original":{"path":"product/50/336292340212715.jpg","type":"","size":{"width":300,"height":300}},"thumb":[]}', '[]', 1.00, 1.00, 3, 1, 1, '2016-09-28 00:00:00', '2016-12-29 00:00:00', 1, '2016-09-28 11:49:18'),
(73, 50, 'PS4 Playstation 4 500GB Console', 'The weight of the new CUH-1200 PS4 system has been reduced by 10% and the power consumption by 8%, compared to the current PS4 com.rentguru24.model. In addition, the surface of the new PS4 system’s HDD bay cover will come in a matte finish, giving the system a more casual look. With the new system, users can continue to enjoy unique and interactive entertainment experiences only available on PlayStation®, including the wide array of game titles and strong network offerings.', 0.00, 0, '{"original":{"path":"product/50/336353545089711.jpg","type":"","size":{"width":300,"height":300}},"thumb":[]}', '[]', 2.00, 1.00, 3, 1, 1, '2016-09-28 00:00:00', '2017-02-15 00:00:00', 1, '2016-09-28 11:50:19'),
(74, 50, 'Guitar Hero Live – Xbox 360', 'Guitar Hero® Live is here. FreeStyleGames have reinvented the legendary Guitar Hero franchise, with two innovative new gameplay modes and an all-new guitar com.rentguru24.controller.\n\nGH Live mode puts you onstage, looking out: you get a heart-stopping first-person perspective as a real crowd reacts to the notes you play. Or switch over to GHTV – a playable music video network, where you can play along in real time, discover new music, and challenge friends around the world.', 0.00, 0, '{"original":{"path":"product/50/336432016252782.jpg","type":"","size":{"width":300,"height":300}},"thumb":[]}', '[]', 2.00, 1.00, 2, 1, 1, '2016-09-28 00:00:00', '2017-04-29 00:00:00', 1, '2016-09-28 11:51:38'),
(76, 71, 'Aroma Therapy Ultrasonic Essential Oil Diffuser Spa Mist Vapor Purifier 4 Color Choice - Brown Wooden Grain, 10 x 13', 'Beauty: refresh skin and can be taken as a skin care, keep skin healthy and moist.\nDecoration: chose the light you like to make the room romantic and happy,smells nice.\nHumidify: humidify the air in the room during summer and winter, refreshes the quality of air we breathe.\nPurify: neutralizes static, reduce infection of skin.\nRelief: aroma therapy, relieve stress.', 0.00, 0, '{"original":{"path":"product/71/831995779818113.jpg","type":"","size":{"width":1024,"height":1024}},"thumb":[]}', '[{"original":{"path":"product/71/831995824147624.jpg","type":"","size":{"width":1000,"height":1000}},"thumb":[]},{"original":{"path":"product/71/831995863612995.jpg","type":"","size":{"width":1000,"height":1000}},"thumb":[]}]', 3.00, 1.00, 1, 1, 1, '2016-10-04 00:00:00', '2016-10-10 00:00:00', 1, '2016-10-04 05:31:02'),
(77, 71, 'Zenbow Ultrasonic Aroma Diffuser', '30 Seconds on and off feature\nMood changing light with choice to pause at the light which you like\nSpreads Aroma & Freshness into the Atmosphere without smoke\nAuto Shut off safety feature when water gets over\nA Great Gift for You & Friends at Home, Office , Hospital , Spa , Salon', 0.00, 0, '{"original":{"path":"product/71/832106653756887.jpg","type":"","size":{"width":450,"height":450}},"thumb":[]}', '[]', 3.00, 1.00, 1, 1, 1, '2016-10-04 00:00:00', '2016-10-08 00:00:00', 1, '2016-10-04 05:32:53'),
(78, 32, 'My DSLR', 'This a new painting of mine.', 0.00, 0, '{"original":{"path":"product/32/925566584936717.jpg","type":"","size":{"width":2500,"height":2500}},"thumb":[]}', '[]', 500.00, 40.00, 1, 1, 1, '2016-10-05 00:00:00', '2016-10-31 00:00:00', 1, '2016-10-05 07:30:34'),
(79, 50, 'Revolving Chair Net back', 'Our product range includes a wide range of Net Back Executive Office Chair, Net Back Chair, Net Back Executive Chair, Net Back Revolving Chairs and Net Back Designer Office Chair', 0.00, 0, '{"original":{"path":"product/50/2213784602320865.JPG","type":"","size":{"width":650,"height":936}},"thumb":[]}', '[]', 2.00, 1.00, 2, 1, 1, '2016-10-20 00:00:00', '2016-11-03 00:00:00', 1, '2016-10-20 05:20:52'),
(87, 32, 'TEST', 'TEST', 0.00, 0, '{"original":{"path":"product/32/2326310851919348.jpg","type":"","size":{"width":1600,"height":1200}},"thumb":[]}', '[]', 7.00, 2.00, 2, 1, 1, '2016-10-21 00:00:00', '2016-10-28 00:00:00', 1, '2016-10-21 12:36:17'),
(88, 32, 'TEST', 'TEST', 0.00, 0, '{"original":{"path":"product/32/2326363833766588.png","type":"","size":{"width":567,"height":425}},"thumb":[]}', '[]', 1.00, 1.00, 2, 1, 1, '2016-10-21 00:00:00', '2016-12-31 00:00:00', 1, '2016-10-21 12:37:10'),
(89, 32, 'iphobe gf', 'good', 0.00, 0, '{"original":{"path":"product/32/2652475602952467.png","type":"","size":{"width":720,"height":1280}},"thumb":[]}', '[{"original":{"path":"product/32/2652475879328166.png","type":"","size":{"width":720,"height":1280}},"thumb":[]}]', 3.00, 1.00, 3, 1, 1, '2016-11-16 00:00:00', '2016-12-24 00:00:00', 1, '2016-10-25 07:12:22'),
(90, 32, 'sir', 'rent me', 0.00, 0, '{"original":{"path":"product/32/2652710482600680.jpg","type":"","size":{"width":512,"height":288}},"thumb":[]}', '[{"original":{"path":"product/32/4399893878403893.JPG","type":"","size":{"width":3000,"height":2002}},"thumb":[]}]', 3.00, 1.00, 1, 1, 1, '2016-11-15 00:00:00', '2016-12-31 00:00:00', 1, '2016-10-25 07:16:16'),
(91, 32, 'fast track', 'goof', 0.00, 0, '{"original":{"path":"product/32/4394820751796807.JPG","type":"","size":{"width":437,"height":336}},"thumb":[]}', '[]', 3.00, 1.00, 1, 1, 1, '2016-11-15 00:00:00', '2017-01-31 00:00:00', 1, '2016-10-25 07:20:29'),
(94, 32, 'telcom', 'fghh', 0.00, 0, '{"original":{"path":"product/32/4395058487732374.png","type":"","size":{"width":720,"height":1280}},"thumb":[]}', '[{"original":{"path":"product/32/4395070386457175.png","type":"","size":{"width":720,"height":1280}},"thumb":[]},{"original":{"path":"product/32/4396612840325341.JPG","type":"","size":{"width":496,"height":296}},"thumb":[]}]', 4.00, 2.00, 4, 1, 1, '2016-11-17 00:00:00', '2016-11-30 00:00:00', 1, '2016-10-25 07:44:29'),
(96, 73, 'Bottle of Health', 'Health and Beauty Products.............', 0.00, 0, '{"original":{"path":"product/73/3179911726432412.jpg","type":"","size":{"width":1300,"height":823}},"thumb":[]}', '[{"original":{"path":"product/73/3179912017014401.jpg","type":"","size":{"width":492,"height":617}},"thumb":[]}]', 5000.00, 1200.00, 3, 1, 1, '2016-10-31 00:00:00', '2017-04-13 00:00:00', 1, '2016-10-31 09:42:58'),
(97, 57, 'Single Door Fridge', 'Chill out with this space saving single door refrigerator. While it’s fast and effective cooling system keeps your food healthy and hygienic, the compact design fits comfortably in your home. Stock it up with beers for the entire gang or ensure your family’s health with fresh foods.', 0.00, 0, '{"original":{"path":"product/57/3265897949393457.jpg","type":"","size":{"width":750,"height":500}},"thumb":[]}', '[]', 2.00, 1.00, 3, 1, 1, '2016-11-01 00:00:00', '2018-11-02 00:00:00', 1, '2016-11-01 09:36:04'),
(98, 57, 'Gordon Dining Set 6 Seater Prime', 'The solid teak wood Gordon set goes through our quality checks and is restored with utmost care to impeccable condition. From the polish to each chair’s finish and detail, our team doesn’t miss a thing when it comes to delivering pristine quality furniture', 0.00, 0, '{"original":{"path":"product/57/3267620919656501.jpg","type":"","size":{"width":750,"height":500}},"thumb":[]}', '[{"original":{"path":"product/57/3267621051516878.jpg","type":"","size":{"width":750,"height":500}},"thumb":[]}]', 2.00, 1.00, 3, 1, 1, '2016-11-01 00:00:00', '2017-11-02 00:00:00', 1, '2016-11-01 10:04:47'),
(99, 57, 'Henchman Bedside Table Prime', 'Easy access, quality construction and a great finish; the Henchman Bedside Table goes through stringent quality checks before reaching your home.', 0.00, 0, '{"original":{"path":"product/57/3267916596147001.jpg","type":"","size":{"width":750,"height":500}},"thumb":[]}', '[{"original":{"path":"product/57/3267916721147913.jpg","type":"","size":{"width":750,"height":500}},"thumb":[]},{"original":{"path":"product/57/3267916786227439.jpg","type":"","size":{"width":750,"height":500}},"thumb":[]}]', 2.00, 1.00, 3, 1, 1, '2016-11-01 00:00:00', '2016-12-31 00:00:00', 1, '2016-11-01 10:09:43'),
(100, 50, 'Living Room Prime', 'Setting up your new home away from home? Well, our Living Room Prime package is just the thing you need. We’ve taken care of all the essential furniture that you’ll require with this one. From storage space to a comfy sofa and an entertainment unit, it’s all there. Flaunt it to your friends and guests by placing it in the living room or have a cosy reading corner in your bedroom, the Rowling fits well in almost any space with ease. And we make sure that your home gets the best!', 0.00, 0, '{"original":{"path":"product/50/3268097862280912.jpg","type":"","size":{"width":750,"height":500}},"thumb":[]}', '[]', 2.00, 1.00, 3, 1, 1, '2016-11-01 00:00:00', '2017-11-30 00:00:00', 1, '2016-11-01 10:12:44'),
(101, 50, '4 Burner Boss Hooded BBQ With Side Burner', 'The Boss BBQ has unique Grillsmart grills and hotplates specially designed to include angled channels. These channels allow for easy redirection and drainage of heated fats and oils, making for healthier, great tasting food as well as a reduction in flare ups. Best of all, Matador Grillsmart barbecues are much easier to clean thanks to this breakthrough in design.\n\nThe warming rack is ideal for gentler cooking, resting meat or keeping food warm. And with graphite hood, doors and fascia and a large soft close accessory draw, you have a stylish and functional barbeque.', 0.00, 0, '{"original":{"path":"product/50/3268280189346120.jpg","type":"","size":{"width":302,"height":300}},"thumb":[]}', '[]', 2.00, 1.00, 3, 1, 1, '2016-11-01 00:00:00', '2017-11-16 00:00:00', 1, '2016-11-01 10:15:46'),
(102, 50, 'Apple iPad Air 2 128GB Wi-Fi with Cellular', 'Overview\n\nAt just 6.1 millimetres, the thinnest iPad ever is also the most capable. It has a re-engineered 9.7-inch Retina display, the revolutionary Touch ID fingerprint sensor, a powerful A8X chip with 64-bit architecture, a new iSight camera, an improved FaceTime HD camera, faster wireless, iOS 8, iCloud and up to 10  hours of battery life.1 It also comes with great apps for productivity and creativity. And there are many more apps available in the App Store.\n\nThe thinnest iPad ever is also the most capable. It’s loaded with advanced technologies, including the Touch ID fingerprint sensor\n\n    At just 6.1mm, this is the thinnest iPad ever\n    Features a stunning re-engineered 9.7? Retina display\n    Now includes the revolutionary Touch ID fingerprint sensor\n', 0.00, 0, '{"original":{"path":"product/50/3268381361641056.jpg","type":"","size":{"width":300,"height":300}},"thumb":[]}', '[]', 1.00, 1.00, 3, 1, 1, '2016-11-01 00:00:00', '2017-11-30 00:00:00', 1, '2016-11-01 10:17:27'),
(103, 50, '15? Notebook', 'Key Features\n\nAMD A6-7310 Quad Core APU with Radeon R4 Graphics\n\n15.6? HD (1366 x 768) LED Display\n\n4GB RAM\n\n1TB Hard Drive\n\n1 x HDMI Ports\n\n1 x USB 2.0 Port\n\n2 x USB 3.0 Ports\n\nSD Card Reader\n\n2-Cell Battery\n\nWindows 10', 0.00, 0, '{"original":{"path":"product/50/3268465302433660.jpg","type":"","size":{"width":300,"height":300}},"thumb":[]}', '[]', 1.00, 1.00, 4, 1, 1, '2016-11-01 00:00:00', '2017-11-02 00:00:00', 1, '2016-11-01 10:18:51'),
(104, 93, 'Interior Design', 'interior design firm in dhaka-Bangladesh, Unique Interior Design & Decoration, Interior Decoration ', 0.00, 0, '{"original":{"path":"product/93/3771786755251696.jpg","type":"","size":{"width":993,"height":700}},"thumb":[]}', '[]', 1.00, 1.00, 3, 1, 1, '2016-11-07 00:00:00', '2017-11-30 00:00:00', 1, '2016-11-08 10:37:08'),
(105, 98, 'lamborghini veneno blue', 'lamborghini veneno bluelamborghini veneno bluelamborghini veneno bluelamborghini veneno bluelamborghini veneno bluelamborghini veneno blue', 0.00, 0, '{"original":{"path":"product/98/3875252437980537.jpg","type":"","size":{"width":1280,"height":853}},"thumb":[]}', '[]', 1.00, 1.00, 3, 1, 1, '2016-11-08 00:00:00', '2017-11-24 00:00:00', 1, '2016-11-08 10:52:00'),
(106, 98, 'Scooter for ladies', 'Scooter for ladiesScooter for ladiesScooter for ladiesScooter for ladiesScooter for ladiesScooter for ladiesScooter for ladiesScooter for ladiesScooter for ladiesScooter for ladiesScooter for ladies', 0.00, 0, '{"original":{"path":"product/98/3876587772259769.png","type":"","size":{"width":540,"height":360}},"thumb":[]}', '[]', 1.00, 1.00, 3, 1, 1, '2016-11-08 00:00:00', '2017-11-24 00:00:00', 1, '2016-11-08 11:14:14'),
(107, 99, 'chair', 'ghhjj', 0.00, 0, '{"original":{"path":"product/99/4815760134176497.jpg","type":"","size":{"width":720,"height":956}},"thumb":[]}', '[]', 2.00, 1.00, 4, 1, 1, '2016-11-09 00:00:00', '2016-11-20 00:00:00', 1, '2016-11-09 08:10:46'),
(108, 104, 'abc', 'jdhej', 0.00, 0, '{"original":{"path":"product/104/4034914289406658.png","type":"","size":{"width":720,"height":1280}},"thumb":[]}', '[]', 1.00, 1.00, 3, 1, 1, '2016-11-10 00:00:00', '2016-11-10 00:00:00', 1, '2016-11-10 07:13:01'),
(109, 104, 'Android app product', 'hdhdk+ hxhbxh', 0.00, 0, '{"original":{"path":"product/104/4035531413849275.png","type":"","size":{"width":720,"height":1280}},"thumb":[]}', '[{"original":{"path":"product/104/4035531521900702.png","type":"","size":{"width":720,"height":1280}},"thumb":[]}]', 1.00, 1.00, 3, 1, 1, '2016-11-10 00:00:00', '2017-01-13 00:00:00', 1, '2016-11-10 07:23:17'),
(110, 63, 'Product for Home', 'skdfhksdfghj', 0.00, 0, '{"original":{"path":"product/63/4038180524445706.jpg","type":"","size":{"width":600,"height":369}},"thumb":[]}', '[{"original":{"path":"product/63/4038180690942702.jpg","type":"","size":{"width":851,"height":315}},"thumb":[]},{"original":{"path":"product/63/4038180712078242.jpg","type":"","size":{"width":850,"height":315}},"thumb":[]}]', 1.00, 1.00, 3, 1, 1, '2016-11-10 00:00:00', '2017-11-17 00:00:00', 1, '2016-11-10 08:07:27'),
(111, 57, 'Mobile upload product', 'fhkekanbxhfjsksjcfjsh', 0.00, 0, '{"original":{"path":"product/57/4122611953501294.jpg","type":"","size":{"width":300,"height":445}},"thumb":[]}', '[{"original":{"path":"product/57/4122612569507397.jpg","type":"","size":{"width":520,"height":283}},"thumb":[]},{"original":{"path":"product/57/4122612721015382.jpg","type":"","size":{"width":448,"height":328}},"thumb":[]}]', 1.00, 1.00, 4, 1, 1, '2016-11-11 00:00:00', '2016-11-30 00:00:00', 1, '2016-11-11 07:34:39'),
(112, 32, 'Awesome product', 'n/a', 0.00, 0, '{"original":{"path":"product/32/4641065378405947.jpg","type":"","size":{"width":458,"height":458}},"thumb":[]}', '[{"original":{"path":"product/32/4641066009953460.jpg","type":"","size":{"width":458,"height":458}},"thumb":[]}]', 1.00, 1.00, 1, 1, 1, '2016-11-17 00:00:00', '2016-11-30 00:00:00', 1, '2016-11-17 07:35:32'),
(113, 32, 'Awesome product 2', 'Hello', 0.00, 0, '{"original":{"path":"product/32/4656836266073914.jpeg","type":"","size":{"width":2560,"height":1440}},"thumb":[]}', '[{"original":{"path":"product/32/4656836935228833.jpeg","type":"","size":{"width":2560,"height":1440}},"thumb":[]}]', 1.00, 1.00, 1, 1, 1, '2016-11-17 00:00:00', '2016-11-26 00:00:00', 1, '2016-11-17 11:58:23'),
(114, 32, 'Awesome 3', 'AAA', 0.00, 0, '{"original":{"path":"product/32/4657354507427348.jpeg","type":"","size":{"width":2560,"height":1440}},"thumb":[]}', '[{"original":{"path":"product/32/4657355113638812.jpeg","type":"","size":{"width":2560,"height":1440}},"thumb":[]}]', 1.00, 1.00, 1, 1, 1, '2016-11-17 00:00:00', '2016-11-30 00:00:00', 1, '2016-11-17 12:07:01'),
(115, 32, 'a4', 'a4', 0.00, 0, '{"original":{"path":"product/32/4657907895673207.jpg","type":"","size":{"width":458,"height":458}},"thumb":[]}', '[]', 1.00, 1.00, 1, 1, 1, '2016-11-17 00:00:00', '2016-11-19 00:00:00', 1, '2016-11-17 12:16:14'),
(116, 32, 'a5', 'a5', 0.00, 0, '{"original":{"path":"product/32/4658202624627086.jpg","type":"","size":{"width":458,"height":458}},"thumb":[]}', '[]', 1.00, 1.00, 1, 1, 1, '2016-11-17 00:00:00', '2016-11-19 00:00:00', 1, '2016-11-17 12:21:09'),
(117, 109, '1490sft Flat @ Kazipara, Mirpur', 'Project Name- Onward Carmelo\nAddress: Plot-451,North Kazipara, Mirpur, Dhaka-1216.\n09 Storied Residential Building ( G+8)\nTwo(02) Unit Each Floor\nLand Area: 6 Katha (Apprx)\n3 Bed, 3 Bath, 2 Veranda, Drawing, Dining ,Family living, Kitchen\nFacilities:\nCar Parking: 12 available Ground Floor\nLift: 01 ( 06 Passenger Capacity)\nGenerator: 01 Nos. Standby\nProject Status: Ongoing\nPlease Contact Us for more\nCompany Name: ONWARD Developers Ltd.\nCompany Address: 574(1st Floor),East Kazipara,Mirpur,Dhaka-1216', 0.00, 0, '{"original":{"path":"product/109/5757833044928138.jpg","type":"","size":{"width":1200,"height":800}},"thumb":[]}', '[{"original":{"path":"product/109/5757833148765468.jpg","type":"","size":{"width":384,"height":459}},"thumb":[]},{"original":{"path":"product/109/5757833167711619.jpg","type":"","size":{"width":1000,"height":667}},"thumb":[]}]', 2000.00, 10.00, 3, 1, 1, '2016-11-30 00:00:00', '2017-01-31 00:00:00', 0, '2016-11-30 05:48:19'),
(119, 32, 'Lamborghini ', 'Dess', 0.00, 0, '{"original":{"path":"product/32/5848145247223948.JPG","type":"","size":{"width":640,"height":640}},"thumb":[]}', '[]', 1111.00, 22.00, 1, 1, 1, '2016-12-22 00:00:00', '2016-12-31 00:00:00', 1, '2016-12-01 06:53:32'),
(120, 32, 't', 'T', 0.00, 0, '{"original":{"path":"product/32/5867757927952804.JPG","type":"","size":{"width":640,"height":640}},"thumb":[]}', '[]', 1200.00, 12.00, 1, 1, 1, '2016-12-01 00:00:00', '2016-12-31 00:00:00', 1, '2016-12-09 11:18:12'),
(121, 32, 'T&uacute;', 'Uuuu', 0.00, 0, '{"original":{"path":"product/32/5867839627408834.JPG","type":"","size":{"width":640,"height":640}},"thumb":[]}', '[]', 1222.00, 44.00, 3, 1, 1, '2016-12-01 00:00:00', '2016-12-31 00:00:00', 1, '2016-12-09 11:18:12'),
(122, 32, 'test', 'Y', 0.00, 0, '{"original":{"path":"product/32/5869992181905090.JPG","type":"","size":{"width":640,"height":640}},"thumb":[]}', '[]', 1200.00, 12.00, 2, 1, 1, '2016-12-01 00:00:00', '2016-12-31 00:00:00', 1, '2016-12-09 11:18:12'),
(123, 114, 'MotorCycle', 'Test Motor', 0.00, 0, '{"original":{"path":"product/114/15636908518737.jpg","type":"","size":{"width":1752,"height":1072}},"thumb":[]}', '[]', 1900.00, 110.00, 2, 1, 1, '2016-12-06 00:00:00', '2016-12-31 00:00:00', 1, '2016-12-06 10:45:10'),
(124, 67, 'camero', 'renting out my chevy camero', 0.00, 0, '{"original":{"path":"product/67/253888043879156.jpg","type":"","size":{"width":1000,"height":664}},"thumb":[]}', '[]', 100.00, 1.00, 1, 1, 1, '2016-12-26 00:00:00', '2017-01-31 00:00:00', 1, '2016-12-09 04:56:00'),
(125, 108, 'Car', 'Jeep Cherokee ', 0.00, 0, '{"original":{"path":"product/108/580103050493345.jpeg","type":"","size":{"width":1280,"height":960}},"thumb":[]}', '[]', 50000.00, 200.00, 1, 1, 1, '2016-12-26 00:00:00', '2016-12-27 00:00:00', 1, '2016-12-12 23:32:55'),
(126, 108, 'Vr', 'Virtual', 0.00, 0, '{"original":{"path":"product/108/580451375337858.jpeg","type":"","size":{"width":1280,"height":960}},"thumb":[]}', '[]', 100.00, 10.00, 1, 1, 1, '2016-12-14 00:00:00', '2016-12-15 00:00:00', 1, '2016-12-12 23:38:43'),
(127, 35, 'Jaipan premium', 'Jaipan is asian largest company who is the best seller of blenders', 0.00, 0, '{"original":{"path":"product/35/1596119787173523.jpg","type":"","size":{"width":349,"height":358}},"thumb":[]}', '[{"original":{"path":"product/35/1596120185141446.jpg","type":"","size":{"width":349,"height":358}},"thumb":[]}]', 100.00, 1.00, 3, 1, 1, '2016-12-25 00:00:00', '2016-12-26 00:00:00', 1, '2016-12-24 17:46:31'),
(128, 124, 'Jaipan Family mate', 'family mate', 0.00, 0, '{"original":{"path":"product/124/1656552740814744.jpg","type":"","size":{"width":349,"height":358}},"thumb":[]}', '[{"original":{"path":"product/124/1656552774474601.jpg","type":"","size":{"width":349,"height":358}},"thumb":[]}]', 11.00, 1.00, 1, 1, 1, '2016-12-25 00:00:00', '2017-01-07 00:00:00', 0, '2016-12-25 10:33:44'),
(129, 124, 'jaipan family mate', 'family mate', 0.00, 0, '{"original":{"path":"product/124/1657255230072589.jpg","type":"","size":{"width":349,"height":358}},"thumb":[]}', '[{"original":{"path":"product/124/1657255249149526.jpg","type":"","size":{"width":349,"height":358}},"thumb":[]}]', 10.00, 1.00, 1, 1, 1, '2016-12-25 00:00:00', '2016-12-27 00:00:00', 0, '2016-12-25 10:45:26'),
(131, 124, 'jaipan small', 'small', 0.00, 0, '{"original":{"path":"product/124/1668637642843016.jpg","type":"","size":{"width":349,"height":358}},"thumb":[]}', '[{"original":{"path":"product/124/1668637662463603.jpg","type":"","size":{"width":349,"height":358}},"thumb":[]}]', 0.00, 0.00, 2, 1, 1, '2016-12-25 00:00:00', '2017-01-07 00:00:00', 0, '2016-12-25 13:55:09'),
(132, 35, 'graycork', 'sofa', 0.00, 0, '{"original":{"path":"product/35/1669580306317758.jpg","type":"","size":{"width":1500,"height":1000}},"thumb":[]}', '[{"original":{"path":"product/35/1669580385754639.jpg","type":"","size":{"width":1500,"height":1000}},"thumb":[]}]', 10.00, 1.00, 2, 1, 1, '2016-12-25 00:00:00', '2017-01-07 00:00:00', 1, '2016-12-25 14:10:51');
INSERT INTO `product` (`id`, `owner_id`, `name`, `description`, `average_rating`, `rating`, `profile_image`, `other_images`, `current_value`, `rent_fee`, `rent_type_id`, `active`, `currently_available`, `available_from`, `available_till`, `review_status`, `created_date`) VALUES
(133, 129, 'Dressing Table in Walnut &amp; Cream', 'The Elegantly Designed Florida Dresser Mirror Online Today Can Increase The Beauty Of Your Interiors. This Mirror Will Give A Traditional And Unique Look To Your House. This Dresser Mirror Is Made Using High Quality Mdf And Has A Very Sturdy Built. The Mirror Has A Perfect Melamine Finishing And Possesses Combination Of Walnut Colour That Gives It A Very Classic Look. The Product Is Now Available Online', 0.00, 0, '{"original":{"path":"product/129/1995018706256677.jpg","type":"","size":{"width":800,"height":880}},"thumb":[]}', '[{"original":{"path":"product/129/1995019341755200.jpg","type":"","size":{"width":800,"height":880}},"thumb":[]},{"original":{"path":"product/129/1995019482293705.jpg","type":"","size":{"width":800,"height":880}},"thumb":[]},{"original":{"path":"product/129/1995019605227144.jpg","type":"","size":{"width":800,"height":880}},"thumb":[]}]', 2000.00, 200.00, 3, 1, 1, '2016-12-30 00:00:00', '2017-02-28 00:00:00', 0, '2016-12-29 08:34:52'),
(134, 67, 'hassan testing ', 'testing ', 0.00, 0, '{"original":{"path":"product/67/10456908022312805.jpg","type":"","size":{"width":245,"height":163}},"thumb":[]}', '[]', 1000.00, 1000.00, 1, 1, 1, '2017-04-07 00:00:00', '2017-04-20 00:00:00', 0, '2017-04-06 07:06:19');

-- --------------------------------------------------------

--
-- Table structure for table `product_attribute`
--

CREATE TABLE `product_attribute` (
  `id` int(11) NOT NULL,
  `product_id` int(11) NOT NULL,
  `attribute_values_id` int(11) NOT NULL,
  `created_date` timestamp NOT NULL DEFAULT CURRENT_TIMESTAMP ON UPDATE CURRENT_TIMESTAMP,
  `description` text NOT NULL
) ENGINE=InnoDB DEFAULT CHARSET=latin1;

-- --------------------------------------------------------

--
-- Table structure for table `product_availability`
--

CREATE TABLE `product_availability` (
  `id` int(11) NOT NULL,
  `product_id` int(11) NOT NULL,
  `from_date` datetime NOT NULL,
  `to_date` datetime NOT NULL,
  `created_date` timestamp NOT NULL DEFAULT CURRENT_TIMESTAMP ON UPDATE CURRENT_TIMESTAMP
) ENGINE=InnoDB DEFAULT CHARSET=latin1;

-- --------------------------------------------------------

--
-- Table structure for table `product_category`
--

CREATE TABLE `product_category` (
  `id` int(11) NOT NULL,
  `product_id` int(11) NOT NULL,
  `category_id` int(11) NOT NULL,
  `created_date` timestamp NOT NULL DEFAULT CURRENT_TIMESTAMP ON UPDATE CURRENT_TIMESTAMP
) ENGINE=InnoDB DEFAULT CHARSET=latin1;

--
-- Dumping data for table `product_category`
--

INSERT INTO `product_category` (`id`, `product_id`, `category_id`, `created_date`) VALUES
(13, 13, 9, '2016-08-10 12:53:12'),
(26, 20, 14, '2016-08-12 08:02:09'),
(27, 21, 8, '2016-08-12 08:05:32'),
(28, 22, 14, '2016-08-12 08:09:57'),
(29, 23, 14, '2016-08-12 08:15:09'),
(30, 24, 14, '2016-08-12 09:48:08'),
(31, 25, 14, '2016-08-12 09:51:54'),
(32, 26, 10, '2016-08-12 10:00:57'),
(33, 27, 14, '2016-08-16 05:57:52'),
(35, 28, 8, '2016-08-16 07:33:51'),
(37, 29, 14, '2016-08-16 08:04:33'),
(38, 30, 10, '2016-08-16 09:22:31'),
(39, 31, 11, '2016-08-16 09:25:03'),
(40, 32, 8, '2016-08-16 13:25:33'),
(42, 33, 11, '2016-08-17 06:05:41'),
(43, 34, 12, '2016-08-17 06:44:44'),
(44, 35, 14, '2016-08-17 07:27:01'),
(45, 36, 14, '2016-08-17 11:49:48'),
(46, 37, 14, '2016-08-19 11:00:02'),
(47, 38, 14, '2016-08-22 10:14:36'),
(48, 39, 8, '2016-08-22 10:20:56'),
(50, 40, 12, '2016-08-24 05:16:16'),
(51, 41, 12, '2016-08-24 05:21:46'),
(52, 42, 12, '2016-08-24 05:24:43'),
(57, 47, 13, '2016-08-30 12:34:16'),
(58, 48, 10, '2016-08-31 07:04:49'),
(59, 49, 67, '2016-08-31 07:10:31'),
(60, 50, 11, '2016-08-31 07:20:53'),
(61, 51, 9, '2016-08-31 07:25:17'),
(62, 52, 9, '2016-08-31 07:46:08'),
(63, 53, 10, '2016-08-31 07:52:14'),
(64, 54, 12, '2016-09-03 11:37:50'),
(65, 55, 9, '2016-09-05 10:22:02'),
(66, 56, 10, '2016-09-05 12:49:36'),
(67, 57, 9, '2016-09-06 07:00:00'),
(69, 59, 13, '2016-09-06 07:12:15'),
(70, 60, 12, '2016-09-06 07:14:32'),
(71, 61, 9, '2016-09-19 09:08:36'),
(72, 62, 29, '2016-09-19 09:38:15'),
(73, 63, 9, '2016-09-23 06:15:09'),
(75, 65, 12, '2016-09-26 09:02:35'),
(78, 66, 12, '2016-09-26 09:10:00'),
(80, 67, 12, '2016-09-27 06:17:33'),
(81, 68, 65, '2016-09-28 08:19:25'),
(82, 69, 12, '2016-09-28 09:21:34'),
(83, 70, 8, '2016-09-28 11:40:21'),
(84, 71, 8, '2016-09-28 11:41:46'),
(85, 72, 11, '2016-09-28 11:49:18'),
(86, 73, 11, '2016-09-28 11:50:19'),
(87, 74, 11, '2016-09-28 11:51:38'),
(89, 76, 8, '2016-10-04 05:31:02'),
(90, 77, 9, '2016-10-04 05:32:53'),
(91, 78, 29, '2016-10-05 07:30:34'),
(92, 79, 39, '2016-10-20 05:20:51'),
(100, 87, 9, '2016-10-21 12:36:17'),
(109, 96, 56, '2016-10-31 09:42:58'),
(110, 97, 92, '2016-11-01 09:36:04'),
(111, 98, 34, '2016-11-01 10:04:47'),
(112, 99, 34, '2016-11-01 10:09:43'),
(113, 100, 34, '2016-11-01 10:12:44'),
(114, 101, 95, '2016-11-01 10:15:46'),
(115, 102, 65, '2016-11-01 10:17:27'),
(116, 103, 66, '2016-11-01 10:18:51'),
(117, 104, 92, '2016-11-07 06:07:33'),
(118, 105, 43, '2016-11-08 10:52:00'),
(119, 106, 44, '2016-11-08 11:14:14'),
(120, 107, 34, '2016-11-09 08:10:46'),
(121, 108, 34, '2016-11-10 07:13:01'),
(122, 109, 100, '2016-11-10 07:23:17'),
(123, 110, 93, '2016-11-10 08:07:27'),
(124, 111, 56, '2016-11-11 07:34:39'),
(130, 15, 93, '2016-11-14 06:32:58'),
(133, 18, 92, '2016-11-14 06:34:41'),
(152, 91, 55, '2016-11-15 04:51:06'),
(153, 90, 43, '2016-11-15 08:40:28'),
(155, 89, 43, '2016-11-16 04:42:34'),
(156, 17, 92, '2016-11-17 05:13:05'),
(157, 16, 92, '2016-11-17 05:24:29'),
(159, 94, 100, '2016-11-17 06:04:06'),
(160, 64, 39, '2016-11-17 06:53:39'),
(161, 46, 100, '2016-11-17 06:55:40'),
(163, 19, 93, '2016-11-17 07:21:23'),
(164, 112, 93, '2016-11-17 07:35:32'),
(165, 88, 45, '2016-11-17 07:48:04'),
(166, 113, 34, '2016-11-17 11:58:23'),
(167, 114, 93, '2016-11-17 12:07:01'),
(168, 115, 93, '2016-11-17 12:16:14'),
(169, 116, 93, '2016-11-17 12:21:09'),
(170, 117, 100, '2016-11-30 05:48:19'),
(174, 119, 67, '2016-12-01 10:55:12'),
(175, 120, 92, '2016-12-01 12:20:24'),
(176, 121, 92, '2016-12-01 12:21:46'),
(177, 122, 39, '2016-12-01 12:57:38'),
(178, 123, 48, '2016-12-06 10:45:10'),
(179, 124, 45, '2016-12-09 04:55:59'),
(180, 125, 43, '2016-12-12 23:32:55'),
(181, 126, 83, '2016-12-12 23:38:42'),
(182, 127, 92, '2016-12-24 17:46:31'),
(183, 128, 92, '2016-12-25 10:33:44'),
(184, 129, 92, '2016-12-25 10:45:26'),
(186, 131, 92, '2016-12-25 13:55:09'),
(187, 132, 34, '2016-12-25 14:10:51'),
(188, 133, 34, '2016-12-29 08:34:51'),
(189, 134, 39, '2017-04-06 07:06:18');

-- --------------------------------------------------------

--
-- Table structure for table `product_liked`
--

CREATE TABLE `product_liked` (
  `id` int(11) NOT NULL,
  `product_id` int(11) NOT NULL,
  `app_credential_id` int(11) NOT NULL,
  `created_date` timestamp NOT NULL DEFAULT CURRENT_TIMESTAMP ON UPDATE CURRENT_TIMESTAMP
) ENGINE=InnoDB DEFAULT CHARSET=latin1;

-- --------------------------------------------------------

--
-- Table structure for table `product_location`
--

CREATE TABLE `product_location` (
  `id` int(11) NOT NULL,
  `product_id` int(11) NOT NULL,
  `state_id` int(11) NOT NULL,
  `city_id` int(11) DEFAULT NULL,
  `formatted_address` text NOT NULL,
  `zip` varchar(200) DEFAULT NULL,
  `lat` double(13,9) DEFAULT NULL,
  `lng` double(13,9) DEFAULT NULL,
  `created_date` timestamp NOT NULL DEFAULT CURRENT_TIMESTAMP
) ENGINE=InnoDB DEFAULT CHARSET=latin1;

--
-- Dumping data for table `product_location`
--

INSERT INTO `product_location` (`id`, `product_id`, `state_id`, `city_id`, `formatted_address`, `zip`, `lat`, `lng`, `created_date`) VALUES
(6, 13, 1, NULL, 'Nikunja', '1234', 23.828155400, 90.417240200, '2016-10-21 11:02:37'),
(8, 15, 1, NULL, 'Banani', 'wdf', 23.828155400, 90.417240200, '2016-10-21 11:02:37'),
(9, 16, 1, NULL, 'Banani', 'wdf', 23.828155400, 90.417240200, '2016-10-21 11:02:37'),
(10, 17, 1, NULL, 'Banani', 'wdf', 23.828155400, 90.417240200, '2016-10-21 11:02:37'),
(11, 18, 1, NULL, 'Banani', 'wdf', 23.828155400, 90.417240200, '2016-10-21 11:02:37'),
(12, 19, 1, NULL, 'Banani', 'wdf', 23.828155400, 90.417240200, '2016-10-21 11:02:37'),
(13, 20, 1, NULL, 'Dhaka ', 'Dhaka ', 23.828155400, 90.417240200, '2016-10-21 11:02:37'),
(14, 21, 1, NULL, 'Dhaka ', 'Dhaka', 23.828155400, 90.417240200, '2016-10-21 11:02:37'),
(15, 22, 1, NULL, 'Coxs bazar', 'Coxs Bazar', 23.828155400, 90.417240200, '2016-10-21 11:02:37'),
(16, 23, 1, NULL, 'Dhaka', 'Dhaka', 23.828155400, 90.417240200, '2016-10-21 11:02:37'),
(17, 24, 1, NULL, 'Dhaka', 'Dhala', 23.828155400, 90.417240200, '2016-10-21 11:02:37'),
(18, 25, 1, NULL, 'Dhaka', 'Dhala', 23.828155400, 90.417240200, '2016-10-21 11:02:37'),
(19, 26, 1, NULL, 'Dhaka ', 'Dhaka', 23.828155400, 90.417240200, '2016-10-21 11:02:37'),
(20, 27, 1, NULL, 'right', 'ghj', 23.828155400, 90.417240200, '2016-10-21 11:02:37'),
(21, 28, 1, NULL, 'Dhaka ', 'Dhaka ', 23.828155400, 90.417240200, '2016-10-21 11:02:37'),
(22, 29, 1, NULL, 'Dhaka', 'Dhaka', 23.828155400, 90.417240200, '2016-10-21 11:02:37'),
(23, 30, 1, NULL, 'Dhaka ', 'Dhaka', 23.828155400, 90.417240200, '2016-10-21 11:02:37'),
(24, 31, 1, NULL, 'Dhaka', 'Dhaka', 23.828155400, 90.417240200, '2016-10-21 11:02:37'),
(25, 32, 1, NULL, 'khilkhet', 'wsit', 23.828155400, 90.417240200, '2016-10-21 11:02:37'),
(26, 33, 1, NULL, 'Chittagong ', 'Chittagong ', 23.828155400, 90.417240200, '2016-10-21 11:02:37'),
(27, 34, 1, NULL, 'khilkhet', 'wsit', 23.828155400, 90.417240200, '2016-10-21 11:02:37'),
(28, 35, 1, NULL, 'Dhaka', 'Dhaka', 23.828155400, 90.417240200, '2016-10-21 11:02:37'),
(29, 36, 1, NULL, 'Dhaka', 'Dhaka', 23.828155400, 90.417240200, '2016-10-21 11:02:37'),
(30, 37, 1, NULL, 'Mirpur,DHOSH', '1250', 23.828155400, 90.417240200, '2016-10-21 11:02:37'),
(31, 38, 1, NULL, 'Dhaka', '1250', 23.828155400, 90.417240200, '2016-10-21 11:02:37'),
(32, 39, 1, NULL, 'Dhaka ', 'Dhaka', 23.828155400, 90.417240200, '2016-10-21 11:02:37'),
(33, 40, 1, NULL, 'khilkhet', '1219', 23.828155400, 90.417240200, '2016-10-21 11:02:37'),
(34, 41, 1, NULL, 'khilkhet', '1219', 23.828155400, 90.417240200, '2016-10-21 11:02:37'),
(35, 42, 1, NULL, 'khilkhet', '1219', 23.828155400, 90.417240200, '2016-10-21 11:02:37'),
(36, 46, 1, NULL, 'Dhaka', '1250', 23.828155400, 90.417240200, '2016-10-21 11:02:37'),
(37, 47, 1, NULL, 'TEST', 'TEST', 23.828155400, 90.417240200, '2016-10-21 11:02:37'),
(38, 48, 1, NULL, 'Nikunja-2,khilkhet,Dhaka, Bangladesh', '3333', 23.828155400, 90.417240200, '2016-10-21 11:02:37'),
(39, 49, 1, NULL, 'Sector 3, Road-12, House-01, Uttara,Dhaka, Bangladesh', '4444', 23.828155400, 90.417240200, '2016-10-21 11:02:37'),
(40, 50, 1, NULL, 'Banani, Dhaka, BD', '111', 23.828155400, 90.417240200, '2016-10-21 11:02:37'),
(41, 51, 1, NULL, 'Khilkhet, Dhaka, BD', '6666', 23.828155400, 90.417240200, '2016-10-21 11:02:37'),
(42, 52, 1, NULL, 'Khulna, Bangladesh', '900', 23.828155400, 90.417240200, '2016-10-21 11:02:37'),
(43, 53, 1, NULL, 'Dhaka,BD', '888', 23.828155400, 90.417240200, '2016-10-21 11:02:37'),
(44, 54, 1, NULL, 'Khilkhat nikunja', '1250', 23.828155400, 90.417240200, '2016-10-21 11:02:37'),
(45, 55, 1, NULL, 'Nikunja-2, Dhk', '500', 23.828155400, 90.417240200, '2016-10-21 11:02:37'),
(46, 56, 1, NULL, 'Sylhet,Bangladesh', '222', 23.828155400, 90.417240200, '2016-10-21 11:02:37'),
(47, 57, 1, NULL, 'Npara', '222', 23.828155400, 90.417240200, '2016-10-21 11:02:37'),
(49, 59, 1, NULL, 'Banani', '111', 23.828155400, 90.417240200, '2016-10-21 11:02:37'),
(50, 60, 1, NULL, 'Uttara, Dhaka', '000', 23.828155400, 90.417240200, '2016-10-21 11:02:37'),
(51, 61, 1, NULL, 'Gulshan-1', '1212', 23.828155400, 90.417240200, '2016-10-21 11:02:37'),
(52, 62, 1, NULL, 'Gulshan-1', '1212', 23.828155400, 90.417240200, '2016-10-21 11:02:37'),
(53, 63, 1, NULL, 'Dhaka ', 'Dhaka ', 23.828155400, 90.417240200, '2016-10-21 11:02:37'),
(54, 64, 1, NULL, 'Dhaka', '1250', 23.828155400, 90.417240200, '2016-10-21 11:02:37'),
(55, 65, 1, NULL, 'Nara sylhet', 'sylhet', 23.828155400, 90.417240200, '2016-10-21 11:02:37'),
(56, 66, 1, NULL, 'jshsdh', 'hshs', 23.828155400, 90.417240200, '2016-10-21 11:02:37'),
(57, 67, 1, NULL, 'Harimapar', '9090', 23.828155400, 90.417240200, '2016-10-21 11:02:37'),
(58, 68, 1, NULL, 'Huas', '12', 23.828155400, 90.417240200, '2016-10-21 11:02:37'),
(59, 69, 1, NULL, 'skldf', 'cd', 23.828155400, 90.417240200, '2016-10-21 11:02:37'),
(60, 70, 1, NULL, 'hskajd', 'df', 23.828155400, 90.417240200, '2016-10-21 11:02:37'),
(61, 71, 1, NULL, 'asdf', 'sdf', 23.828155400, 90.417240200, '2016-10-21 11:02:37'),
(62, 72, 1, NULL, 'sdafs', 'dfgd', 23.828155400, 90.417240200, '2016-10-21 11:02:37'),
(63, 73, 1, NULL, 'ASDsa', 'fdg', 23.828155400, 90.417240200, '2016-10-21 11:02:37'),
(64, 74, 1, NULL, 'dsdf', 'dfgd', 23.828155400, 90.417240200, '2016-10-21 11:02:37'),
(66, 76, 1, NULL, 'jaksdh', 'ads', 23.828155400, 90.417240200, '2016-10-21 11:02:37'),
(67, 77, 1, NULL, 'dsf', 'dfgd', 23.828155400, 90.417240200, '2016-10-21 11:02:37'),
(68, 78, 1, NULL, 'Dhaka', '1229', 23.828155400, 90.417240200, '2016-10-21 11:02:37'),
(69, 79, 1, NULL, 'Banani,Dhaka 1212', '3333', 23.828155400, 90.417240200, '2016-10-21 11:02:37'),
(77, 87, 1, NULL, 'TEST', 'TEST', 23.791600000, 90.415200000, '2016-10-21 12:36:17'),
(78, 88, 1, NULL, 'TEST', 'TEST', 23.791600000, 90.415200000, '2016-10-21 12:37:10'),
(79, 89, 1, NULL, 'cydney', '1255', NULL, NULL, '2016-10-25 07:12:22'),
(80, 90, 1, NULL, 'viy', '12555', NULL, NULL, '2016-10-25 07:16:16'),
(81, 91, 1, NULL, 'khilkhey', '1555', NULL, NULL, '2016-10-25 07:20:29'),
(84, 94, 1, NULL, 'Mirpur, Dhaka, Bangladesh', '1555', 23.822348600, 90.365420300, '2016-10-25 07:44:29'),
(86, 96, 1, NULL, 'Dhaka', '1213', NULL, NULL, '2016-10-31 09:42:58'),
(87, 97, 1, NULL, 'Rd No. 1, Dhaka, Bangladesh', '1225', NULL, NULL, '2016-11-01 09:36:04'),
(88, 98, 1, NULL, 'Rd No. 1, Dhaka, Bangladesh', '1225', NULL, NULL, '2016-11-01 10:04:47'),
(89, 99, 1, NULL, 'Rd No. 1, Dhaka, Bangladesh', '1225', NULL, NULL, '2016-11-01 10:09:43'),
(90, 100, 1, NULL, 'Rd No. 1, Dhaka, Bangladesh', '1225', NULL, NULL, '2016-11-01 10:12:44'),
(91, 101, 1, NULL, 'Rd No. 1, Dhaka, Bangladesh', '3456', NULL, NULL, '2016-11-01 10:15:46'),
(92, 102, 1, NULL, 'Rd No. 1, Dhaka, Bangladesh', '9000', NULL, NULL, '2016-11-01 10:17:27'),
(93, 103, 1, NULL, 'Rd No. 1, Dhaka, Bangladesh', '456', NULL, NULL, '2016-11-01 10:18:51'),
(94, 104, 1, NULL, 'nikunja -2', '345', NULL, NULL, '2016-11-07 06:07:33'),
(95, 105, 1, NULL, 'dhanmondi 2', '1111', NULL, NULL, '2016-11-08 10:52:00'),
(96, 106, 1, NULL, 'Banani -21', '1222', NULL, NULL, '2016-11-08 11:14:14'),
(97, 107, 1, NULL, 'dhaka', '244', NULL, NULL, '2016-11-09 08:10:46'),
(98, 108, 1, NULL, 'mohakhali', 'vb', NULL, NULL, '2016-11-10 07:13:01'),
(99, 109, 1, NULL, 'Khilkhet', '1111', NULL, NULL, '2016-11-10 07:23:17'),
(100, 110, 1, NULL, 'Mohakhali', '111', NULL, NULL, '2016-11-10 08:07:27'),
(101, 111, 1, NULL, 'Gazipur, Dhaka', '8888', NULL, NULL, '2016-11-11 07:34:39'),
(102, 112, 1, NULL, 'Dhaka', '1205', NULL, NULL, '2016-11-17 07:35:32'),
(103, 113, 1, NULL, 'Dhaka', '1205', NULL, NULL, '2016-11-17 11:58:23'),
(104, 114, 1, NULL, 'Dhaka', '11', NULL, NULL, '2016-11-17 12:07:01'),
(105, 115, 1, NULL, 'a', 'a', NULL, NULL, '2016-11-17 12:16:14'),
(106, 116, 1, NULL, 'a5', 'a5', NULL, NULL, '2016-11-17 12:21:09'),
(107, 117, 1, NULL, 'Rd No. 2, Dhaka, Bangladesh', '1216', NULL, NULL, '2016-11-30 05:48:19'),
(109, 119, 49, NULL, 'Druckereistra&szlig;e 3-30, 4810 Gmunden, Austria', 'ar', 0.000000000, 0.000000000, '2016-12-01 06:53:32'),
(110, 120, 5, NULL, 'St. Veiter Ring 20, 9020 Klagenfurt am W&ouml;rthersee, Austria', 'gggg', 0.000000000, 0.000000000, '2016-12-01 12:20:24'),
(111, 121, 5, NULL, '175 King St E, Toronto, ON M5A 1J4, Canada', 'gggg', 0.000000000, 0.000000000, '2016-12-01 12:21:46'),
(112, 122, 6, NULL, 'Druckereistra&szlig;e 3-30, 4810 Gmunden, Austria', 'dhaka', 0.000646000, 0.000939000, '2016-12-01 12:57:38'),
(113, 123, 1, NULL, '15 Rd No. 14, Dhaka, Bangladesh', '1216', 23.833372800, 90.416953700, '2016-12-06 10:45:10'),
(114, 124, 33, NULL, 'manhattan', '10011', 40.959500000, -73.880700000, '2016-12-09 04:55:59'),
(115, 125, 33, NULL, 'Brooklyn ', '11204', 40.669500000, -73.872600000, '2016-12-12 23:32:55'),
(116, 126, 33, NULL, 'Brooklyn', '11204', 40.669500000, -73.872600000, '2016-12-12 23:38:42'),
(117, 127, 5, NULL, 'california', '1212', 23.700000000, 90.375000000, '2016-12-24 17:46:31'),
(118, 128, 5, NULL, 'dhaka', '1212', 23.700000000, 90.375000000, '2016-12-25 10:33:44'),
(119, 129, 5, NULL, 'dhaka', '1212', 23.700000000, 90.375000000, '2016-12-25 10:45:26'),
(121, 131, 5, NULL, 'dhaka', '1213', 23.700000000, 90.375000000, '2016-12-25 13:55:09'),
(122, 132, 5, NULL, 'dhaka', '1213', 23.700000000, 90.375000000, '2016-12-25 14:10:51'),
(123, 133, 3, 12, 'Mirpur 1', '1216', 23.729000000, 90.411200000, '2016-12-29 08:34:51'),
(124, 134, 33, NULL, 'manhattan', '10011', 40.951300000, -73.877300000, '2017-04-06 07:06:18');

-- --------------------------------------------------------

--
-- Table structure for table `product_rating`
--

CREATE TABLE `product_rating` (
  `id` int(11) NOT NULL,
  `product_id` int(11) NOT NULL,
  `rent_inf_id` int(11) NOT NULL,
  `rent_request_id` int(11) NOT NULL,
  `app_credential_id` int(11) NOT NULL,
  `rate_value` int(11) NOT NULL,
  `review_text` text,
  `created_date` timestamp NOT NULL DEFAULT CURRENT_TIMESTAMP
) ENGINE=InnoDB DEFAULT CHARSET=latin1;

--
-- Dumping data for table `product_rating`
--

INSERT INTO `product_rating` (`id`, `product_id`, `rent_inf_id`, `rent_request_id`, `app_credential_id`, `rate_value`, `review_text`, `created_date`) VALUES
(43, 49, 36, 157, 57, 4, 'Awsome', '2016-11-01 08:42:26'),
(44, 70, 37, 160, 50, 4, 'Pretty Good (Y)', '2016-11-03 09:12:42'),
(53, 104, 37, 160, 50, 4, '<script>console.log("NONE")</script>', '2016-11-03 09:12:42');

-- --------------------------------------------------------

--
-- Table structure for table `rental_product_returned`
--

CREATE TABLE `rental_product_returned` (
  `id` int(11) NOT NULL,
  `rent_inf_id` int(11) NOT NULL,
  `confirm` tinyint(1) NOT NULL DEFAULT '0',
  `dispute` tinyint(1) NOT NULL DEFAULT '0',
  `expired` tinyint(1) NOT NULL DEFAULT '0',
  `rentee_remarks` text,
  `renter_remarks` text,
  `created_date` timestamp NOT NULL DEFAULT CURRENT_TIMESTAMP
) ENGINE=InnoDB DEFAULT CHARSET=latin1;

--
-- Dumping data for table `rental_product_returned`
--

INSERT INTO `rental_product_returned` (`id`, `rent_inf_id`, `confirm`, `dispute`, `expired`, `rentee_remarks`, `renter_remarks`, `created_date`) VALUES
(11, 36, 1, 0, 0, NULL, NULL, '2016-10-31 05:09:32'),
(12, 37, 1, 0, 0, NULL, NULL, '2016-11-03 09:10:18'),
(13, 38, 0, 0, 0, NULL, NULL, '2016-11-08 11:18:45'),
(14, 40, 0, 0, 0, NULL, NULL, '2016-11-08 12:31:21'),
(15, 41, 0, 1, 0, NULL, NULL, '2016-11-08 12:43:50'),
(16, 43, 0, 0, 0, NULL, NULL, '2016-11-09 12:34:30'),
(17, 44, 1, 0, 0, NULL, NULL, '2016-11-11 06:01:33'),
(18, 45, 1, 0, 0, NULL, NULL, '2016-11-16 08:59:20'),
(19, 50, 1, 0, 0, NULL, NULL, '2016-11-17 06:59:21'),
(20, 51, 1, 0, 0, NULL, NULL, '2016-11-17 07:23:13'),
(21, 52, 0, 1, 0, NULL, NULL, '2016-11-17 07:43:07'),
(22, 53, 1, 0, 0, NULL, NULL, '2016-11-17 07:53:03'),
(23, 54, 0, 0, 0, NULL, NULL, '2016-11-17 10:55:58'),
(24, 55, 0, 1, 0, NULL, NULL, '2016-11-17 12:19:57'),
(25, 56, 0, 1, 0, NULL, NULL, '2016-12-06 11:25:06');

-- --------------------------------------------------------

--
-- Table structure for table `rental_product_returned_history`
--

CREATE TABLE `rental_product_returned_history` (
  `id` int(11) NOT NULL,
  `product_returned_id` int(11) NOT NULL,
  `confirm` tinyint(1) NOT NULL DEFAULT '0',
  `dispute` tinyint(1) NOT NULL DEFAULT '0',
  `created_date` timestamp NOT NULL DEFAULT CURRENT_TIMESTAMP
) ENGINE=InnoDB DEFAULT CHARSET=latin1;

--
-- Dumping data for table `rental_product_returned_history`
--

INSERT INTO `rental_product_returned_history` (`id`, `product_returned_id`, `confirm`, `dispute`, `created_date`) VALUES
(10, 11, 1, 0, '2016-10-31 05:17:15'),
(11, 12, 1, 0, '2016-11-03 09:10:54'),
(12, 15, 0, 1, '2016-11-08 12:47:43'),
(13, 17, 1, 0, '2016-11-11 06:04:12'),
(14, 18, 1, 0, '2016-11-17 07:09:22'),
(15, 22, 1, 0, '2016-11-17 07:58:41'),
(16, 21, 0, 1, '2016-11-17 08:02:44'),
(17, 20, 1, 0, '2016-11-17 08:03:10'),
(18, 19, 1, 0, '2016-11-17 08:08:52'),
(19, 24, 0, 1, '2016-11-18 10:21:07'),
(20, 25, 0, 1, '2016-12-06 11:25:36');

-- --------------------------------------------------------

--
-- Table structure for table `rental_product_return_request`
--

CREATE TABLE `rental_product_return_request` (
  `id` int(11) NOT NULL,
  `product_id` int(11) NOT NULL,
  `rent_inf_id` int(11) NOT NULL,
  `expired` tinyint(1) NOT NULL DEFAULT '0',
  `remarks` text,
  `created_date` timestamp NOT NULL DEFAULT CURRENT_TIMESTAMP
) ENGINE=InnoDB DEFAULT CHARSET=latin1;

--
-- Dumping data for table `rental_product_return_request`
--

INSERT INTO `rental_product_return_request` (`id`, `product_id`, `rent_inf_id`, `expired`, `remarks`, `created_date`) VALUES
(7, 49, 36, 0, NULL, '2016-10-25 09:41:45'),
(8, 104, 40, 0, NULL, '2016-11-08 09:49:46'),
(9, 70, 38, 0, NULL, '2016-11-08 11:16:44'),
(10, 105, 41, 0, NULL, '2016-11-08 12:42:39'),
(11, 61, 43, 0, NULL, '2016-11-09 12:34:00'),
(12, 109, 44, 0, NULL, '2016-11-11 05:57:14'),
(13, 16, 49, 0, NULL, '2016-11-17 06:41:08'),
(14, 91, 46, 0, NULL, '2016-11-17 06:43:52'),
(15, 46, 50, 0, NULL, '2016-11-17 06:58:04'),
(16, 117, 56, 0, NULL, '2016-12-06 11:20:38');

-- --------------------------------------------------------

--
-- Table structure for table `rent_inf`
--

CREATE TABLE `rent_inf` (
  `id` int(11) NOT NULL,
  `rent_request_id` int(11) NOT NULL,
  `rentee_id` int(11) NOT NULL,
  `product_id` int(11) NOT NULL,
  `start_date` date NOT NULL,
  `ends_date` date NOT NULL,
  `product_returned` tinyint(1) NOT NULL,
  `product_received` tinyint(1) NOT NULL,
  `expired` tinyint(1) NOT NULL,
  `rent_complete` tinyint(1) NOT NULL DEFAULT '0',
  `created_date` timestamp NOT NULL DEFAULT CURRENT_TIMESTAMP ON UPDATE CURRENT_TIMESTAMP
) ENGINE=InnoDB DEFAULT CHARSET=latin1;

--
-- Dumping data for table `rent_inf`
--

INSERT INTO `rent_inf` (`id`, `rent_request_id`, `rentee_id`, `product_id`, `start_date`, `ends_date`, `product_returned`, `product_received`, `expired`, `rent_complete`, `created_date`) VALUES
(36, 157, 57, 49, '2016-10-25', '2016-10-27', 1, 1, 0, 1, '2016-10-25 09:41:15'),
(37, 160, 50, 70, '2016-10-31', '2016-11-07', 1, 1, 0, 1, '2016-10-31 07:40:13'),
(38, 167, 71, 70, '2016-11-03', '2016-11-04', 1, 0, 0, 0, '2016-11-03 09:27:12'),
(39, 173, 93, 97, '2016-11-07', '2016-11-09', 0, 0, 0, 0, '2016-11-07 06:24:19'),
(40, 172, 57, 104, '2016-11-07', '2016-11-12', 1, 0, 0, 0, '2016-11-07 06:40:33'),
(41, 174, 93, 105, '2016-11-08', '2016-11-10', 1, 0, 0, 0, '2016-11-08 11:08:58'),
(42, 180, 32, 107, '2016-11-10', '2016-11-11', 0, 0, 0, 0, '2016-11-09 11:51:16'),
(43, 182, 32, 61, '2016-11-09', '2016-11-10', 1, 0, 0, 0, '2016-11-09 12:32:41'),
(44, 183, 63, 109, '2016-11-10', '2016-11-12', 1, 1, 0, 1, '2016-11-10 08:01:43'),
(45, 191, 99, 90, '2016-11-15', '2016-11-16', 1, 1, 0, 1, '2016-11-15 11:48:16'),
(46, 194, 99, 91, '2016-11-16', '2016-11-17', 0, 0, 0, 0, '2016-11-16 09:25:20'),
(47, 193, 99, 89, '2016-11-16', '2016-11-17', 0, 0, 0, 0, '2016-11-16 12:00:51'),
(48, 195, 99, 17, '2016-11-17', '2016-11-19', 0, 0, 0, 0, '2016-11-17 05:17:48'),
(49, 197, 99, 16, '2016-11-17', '2016-11-19', 0, 0, 0, 0, '2016-11-17 05:32:49'),
(50, 199, 99, 46, '2016-11-17', '2016-11-19', 1, 1, 0, 1, '2016-11-17 06:57:41'),
(51, 200, 99, 19, '2016-11-17', '2016-11-19', 1, 1, 0, 1, '2016-11-17 07:22:25'),
(52, 201, 99, 112, '2016-11-17', '2016-11-18', 1, 0, 0, 0, '2016-11-17 07:42:38'),
(53, 202, 99, 88, '2016-11-17', '2016-11-18', 1, 1, 0, 1, '2016-11-17 07:52:28'),
(54, 204, 99, 90, '2016-11-25', '2016-11-26', 1, 0, 0, 0, '2016-11-17 10:54:07'),
(55, 207, 99, 115, '2016-11-17', '2016-11-18', 1, 0, 0, 0, '2016-11-17 12:18:33'),
(56, 214, 114, 117, '2016-12-06', '2016-12-14', 1, 0, 0, 0, '2016-12-06 11:19:38');

-- --------------------------------------------------------

--
-- Table structure for table `rent_payment`
--

CREATE TABLE `rent_payment` (
  `id` bigint(11) NOT NULL,
  `app_credential_id` int(11) DEFAULT NULL,
  `rent_request_id` int(11) DEFAULT NULL,
  `rent_inf_id` int(11) DEFAULT NULL,
  `site_fee` double NOT NULL DEFAULT '0',
  `rent_fee` double(9,5) NOT NULL,
  `refund_amount` double NOT NULL,
  `total_amount` double(9,5) NOT NULL,
  `transaction_fee` double(6,2) NOT NULL,
  `currency` varchar(5) DEFAULT NULL,
  `authorization_id` varchar(200) DEFAULT NULL,
  `paypal_payer_id` varchar(200) DEFAULT NULL,
  `paypal_pay_id` varchar(200) DEFAULT NULL,
  `paypal_sale_id` varchar(200) DEFAULT NULL,
  `paypal_payment_date` datetime DEFAULT NULL,
  `created_date` timestamp NOT NULL DEFAULT CURRENT_TIMESTAMP
) ENGINE=InnoDB DEFAULT CHARSET=latin1;

--
-- Dumping data for table `rent_payment`
--

INSERT INTO `rent_payment` (`id`, `app_credential_id`, `rent_request_id`, `rent_inf_id`, `site_fee`, `rent_fee`, `refund_amount`, `total_amount`, `transaction_fee`, `currency`, `authorization_id`, `paypal_payer_id`, `paypal_pay_id`, `paypal_sale_id`, `paypal_payment_date`, `created_date`) VALUES
(57, 57, 144, NULL, 0, 1.00000, 0, 2.00000, 0.37, 'USD', NULL, 'TKCD9W66CR9R4', 'PAY-89N08365UE3948325LAEGJVY', '7J4336170D564372D', NULL, '2016-10-20 06:32:20'),
(58, 50, 147, NULL, 0, 0.93000, 0, 2.00000, 0.37, 'USD', NULL, 'TKCD9W66CR9R4', 'PAY-5EN513403V886404GLAEHAXY', '4MJ48196DJ7665927', NULL, '2016-10-20 07:21:25'),
(59, 39, 151, NULL, 0, 0.40000, 0, 5.00000, 0.47, 'USD', NULL, 'TKCD9W66CR9R4', 'PAY-7NK27735YL377123WLAG6Z5I', '2K443106T55617446', NULL, '2016-10-24 11:14:32'),
(60, 39, 153, NULL, 0, 0.33000, 0, 5.00000, 0.47, 'USD', NULL, 'TKCD9W66CR9R4', 'PAY-00G9965358083604BLAG7DPA', '7HY8077083350161J', NULL, '2016-10-24 11:34:40'),
(61, 57, 156, NULL, 0, 0.00000, 0, 1.00000, 0.33, 'USD', NULL, 'TKCD9W66CR9R4', 'PAY-6EF65859TE304621ALAHR7FI', '51H3954483802125P', NULL, '2016-10-25 09:02:29'),
(62, 57, 157, 36, 0, 0.00000, 0, 1.00000, 0.33, 'USD', NULL, 'TKCD9W66CR9R4', 'PAY-3NB03163V6325502ALAHSPZA', '5F4402308J9462233', NULL, '2016-10-25 09:37:51'),
(63, 50, 160, 37, 0, 0.23000, 0, 2.00000, 0.37, 'USD', NULL, 'TKCD9W66CR9R4', 'PAY-13019315GB570691XLALPD7A', '98J392144S390713N', NULL, '2016-10-31 07:26:13'),
(64, 57, 161, NULL, 0, 0.01000, 0, 5.00000, 0.47, 'USD', NULL, 'TKCD9W66CR9R4', 'PAY-54R54470F4142580VLALPNSA', '2V594037D6831951B', NULL, '2016-10-31 07:46:45'),
(65, 57, 165, NULL, 0, 0.01000, 0, 1.00000, 0.33, 'USD', NULL, 'TKCD9W66CR9R4', 'PAY-4RR28741P56069844LAMIB5Y', '8FM38225NW3100502', NULL, '2016-11-01 11:48:29'),
(66, 71, 167, 38, 0, 0.03000, 0, 2.00000, 0.37, 'USD', NULL, 'TKCD9W66CR9R4', 'PAY-7WD364107K0878241LANQFDQ', '8V076255747105703', NULL, '2016-11-03 09:25:58'),
(67, 57, 172, 40, 0, 0.17000, 0, 1.00000, 0.33, 'USD', NULL, 'TKCD9W66CR9R4', 'PAY-6SH38549AR808871VLAQBZ7A', '4LJ75850HS073990Y', NULL, '2016-11-07 06:20:25'),
(68, 93, 173, 39, 0, 0.07000, 0, 2.00000, 0.37, 'USD', NULL, 'TKCD9W66CR9R4', 'PAY-818557731N608040YLAQB3RA', '9D264351443509237', NULL, '2016-11-07 06:23:26'),
(69, 93, 174, 41, 0, 0.07000, 0, 1.00000, 0.33, 'USD', NULL, 'TKCD9W66CR9R4', 'PAY-8RT51970PE429791MLAQ3ECY', '74A13341MK074592L', NULL, '2016-11-08 11:08:30'),
(70, 93, 175, NULL, 0, 0.03000, 0, 1.00000, 0.33, 'USD', NULL, 'TKCD9W66CR9R4', 'PAY-4TR911883V842780YLAQ3HJY', '50B92811LE475814W', NULL, '2016-11-08 11:15:01'),
(71, 32, 180, 42, 0, 0.00000, 0, 2.00000, 0.37, 'USD', NULL, 'TKCD9W66CR9R4', 'PAY-88B46148D70735421LARQZXI', '0FK42730XU652751C', NULL, '2016-11-09 11:49:10'),
(72, 32, 182, 43, 0, 2.00000, 0, 5.00000, 0.47, 'USD', NULL, 'TKCD9W66CR9R4', 'PAY-3CT59179KU2321806LARROQQ', '83W41282Y5497604C', NULL, '2016-11-09 12:32:24'),
(73, 63, 183, 44, 0, 0.07000, 0, 1.00000, 0.33, 'USD', NULL, 'TKCD9W66CR9R4', 'PAY-7PL53594ET964105RLASCLDA', '8W442034SW479983V', NULL, '2016-11-10 07:45:45'),
(74, 104, 185, NULL, 0, 0.00000, 0, 1.00000, 0.33, 'USD', NULL, 'TKCD9W66CR9R4', 'PAY-8RS20631TH005150JLASCYFI', '11A46545L3724832A', NULL, '2016-11-10 08:13:27'),
(75, 99, 187, NULL, 0, 1.00000, 0, 3.00000, 0.40, 'USD', NULL, 'TKCD9W66CR9R4', 'PAY-1PC986727S979520TLAVJIZI', '2DA33791DJ7205035', NULL, '2016-11-15 04:52:34'),
(76, 99, 188, NULL, 0, 1.00000, 0, 3.00000, 0.40, 'USD', NULL, 'TKCD9W66CR9R4', 'PAY-5RS03092KN402832GLAVJ4AI', '3J0831993N9925942', NULL, '2016-11-15 05:33:19'),
(77, 99, 189, NULL, 0, 1.00000, 0, 3.00000, 0.40, 'USD', NULL, 'TKCD9W66CR9R4', 'PAY-06R29099HG491761GLAVLDUQ', '9M897960L9804605Y', NULL, '2016-11-15 06:57:48'),
(78, 99, 190, NULL, 0, 2.00000, 0, 3.00000, 0.40, 'USD', NULL, 'TKCD9W66CR9R4', 'PAY-6E900780SD389382ALAVMUII', '70T95373CP6722626', NULL, '2016-11-15 08:41:33'),
(79, 99, 191, 45, 0, 1.00000, 0, 3.00000, 0.40, 'USD', NULL, 'TKCD9W66CR9R4', 'PAY-10J17306E31613929LAVOJJI', '0VM61724S0834513F', NULL, '2016-11-15 10:34:39'),
(80, 99, 192, NULL, 0, 1.00000, 0, 3.00000, 0.40, 'USD', NULL, 'TKCD9W66CR9R4', 'PAY-83Y595051U960552YLAVPPGY', '34285450V89783057', NULL, '2016-11-15 11:56:59'),
(81, 99, 193, 47, 0, 0.03000, 0, 3.00000, 0.40, 'USD', NULL, 'TKCD9W66CR9R4', 'PAY-05E013914V6803504LAV6H7Y', '57548336NR537081K', NULL, '2016-11-16 04:44:21'),
(82, 99, 194, 46, 0, 1.00000, 0, 3.00000, 0.40, 'USD', NULL, 'TKCD9W66CR9R4', 'PAY-6LG80709DW582554PLAWCHJQ', '82J00867RE486501J', NULL, '2016-11-16 09:16:01'),
(83, 99, 195, 48, 0, 4.00000, 0, 5.00000, 0.47, 'USD', NULL, 'TKCD9W66CR9R4', 'PAY-1MG75248HY397363HLAWTZXQ', '3VJ116574P5432450', NULL, '2016-11-17 05:16:04'),
(84, 99, 197, 49, 0, 4.00000, 0, 5.00000, 0.47, 'USD', NULL, 'TKCD9W66CR9R4', 'PAY-11868112KN803604JLAWT6OY', '5WM65226F3832574U', NULL, '2016-11-17 05:25:34'),
(85, 99, 198, NULL, 0, 0.01000, 0, 4.00000, 0.44, 'USD', NULL, 'TKCD9W66CR9R4', 'PAY-6TC44223UJ233523MLAWURTI', '2CG47961G5088412J', NULL, '2016-11-17 06:06:37'),
(86, 99, 199, 50, 0, 4.00000, 0, 5.00000, 0.47, 'USD', NULL, 'TKCD9W66CR9R4', 'PAY-96D0134994127542DLAWVJLI', '1UX55593W4228253D', NULL, '2016-11-17 06:57:23'),
(87, 99, 200, 51, 0, 2.00000, 0, 3.00000, 0.40, 'USD', NULL, 'TKCD9W66CR9R4', 'PAY-8BE04306RC905101RLAWVVDI', '52D38328DA203192X', NULL, '2016-11-17 07:22:13'),
(88, 99, 201, 52, 0, 1.00000, 0, 1.00000, 0.33, 'USD', NULL, 'TKCD9W66CR9R4', 'PAY-5JP83772FV242290KLAWV6LQ', '2XM1794145138504A', NULL, '2016-11-17 07:42:05'),
(89, 99, 202, 53, 0, 0.14000, 0, 1.00000, 0.33, 'USD', NULL, 'TKCD9W66CR9R4', 'PAY-6632159860779540PLAWWBTY', '6E734647G5540525P', NULL, '2016-11-17 07:51:48'),
(90, 99, 203, NULL, 0, 1.00000, 0, 3.00000, 0.40, 'USD', NULL, 'TKCD9W66CR9R4', 'PAY-4E888591V5516800RLAWYWFQ', '0K491729LC434223U', NULL, '2016-11-17 10:49:21'),
(91, 99, 204, 54, 0, 1.00000, 0, 3.00000, 0.40, 'USD', NULL, 'TKCD9W66CR9R4', 'PAY-0L838668X3930021YLAWYYLQ', '3PG78700PV414333P', NULL, '2016-11-17 10:53:46'),
(92, 99, 207, 55, 0, 1.00000, 0, 1.00000, 0.33, 'USD', NULL, 'TKCD9W66CR9R4', 'PAY-2MB715182F181981ELAWZ74I', '1JM678442C624203H', NULL, '2016-11-17 12:18:17'),
(93, 99, 209, NULL, 0, 0.00000, 0, 1.00000, 0.33, 'USD', NULL, 'TKCD9W66CR9R4', 'PAY-8BF47108NL621000TLAXJ4QY', '16Y98227C1946742P', NULL, '2016-11-18 06:23:13'),
(94, 114, 214, 56, 0, 2.67000, 0, 2000.00000, 68.30, 'USD', NULL, 'TKCD9W66CR9R4', 'PAY-8TH21702V6187041SLBDJVQQ', '8RL7946063501671F', NULL, '2016-12-06 11:15:10'),
(95, 32, 226, NULL, 0, 0.14000, 0, 20.25000, 0.99, 'USD', NULL, 'TKCD9W66CR9R4', 'PAY-38J71449P1839803TLBR2M5I', '19J46617CD264952D', NULL, '2016-12-28 11:48:53'),
(96, 50, 148, NULL, 12, 122.00000, 1222, 2.00000, 0.37, 'USD', NULL, 'TKCD9W66CR9R4', 'PAY-5EN513403V886404GLAEHAXY', '4MJ48196DJ7665927', NULL, '2016-10-20 07:21:25');

-- --------------------------------------------------------

--
-- Table structure for table `rent_request`
--

CREATE TABLE `rent_request` (
  `id` int(11) NOT NULL,
  `product_id` int(11) NOT NULL,
  `requested_by` int(11) NOT NULL,
  `rent_fee` double(6,2) NOT NULL,
  `advance_amount` double(200,2) NOT NULL,
  `request_id` int(11) DEFAULT NULL COMMENT 'Request extension',
  `expired` tinyint(1) NOT NULL DEFAULT '0',
  `request_cancel` int(11) NOT NULL DEFAULT '0',
  `start_date` date NOT NULL,
  `end_date` date NOT NULL,
  `approve` tinyint(1) NOT NULL DEFAULT '0',
  `disapprove` tinyint(1) NOT NULL DEFAULT '0',
  `extension` tinyint(1) NOT NULL DEFAULT '0',
  `remark` text,
  `rent_complete` tinyint(1) NOT NULL,
  `payment_complete` tinyint(1) NOT NULL DEFAULT '0',
  `created_date` timestamp NOT NULL DEFAULT CURRENT_TIMESTAMP
) ENGINE=InnoDB DEFAULT CHARSET=latin1;

--
-- Dumping data for table `rent_request`
--

INSERT INTO `rent_request` (`id`, `product_id`, `requested_by`, `rent_fee`, `advance_amount`, `request_id`, `expired`, `request_cancel`, `start_date`, `end_date`, `approve`, `disapprove`, `extension`, `remark`, `rent_complete`, `payment_complete`, `created_date`) VALUES
(138, 78, 74, 320.00, 500.00, NULL, 1, 0, '2016-10-18', '2016-10-26', 0, 0, 0, 'ASdasd', 0, 0, '2016-10-15 11:08:36'),
(139, 78, 75, 40.00, 500.00, NULL, 1, 0, '2016-10-20', '2016-10-21', 0, 0, 0, NULL, 0, 0, '2016-10-19 04:49:55'),
(140, 36, 75, 0.57, 5.00, NULL, 1, 0, '2016-10-20', '2016-10-22', 0, 0, 0, NULL, 0, 0, '2016-10-19 04:55:51'),
(141, 33, 32, 3.43, 5.00, NULL, 1, 0, '2016-10-19', '2016-10-31', 0, 0, 0, 'adasdasdads', 0, 0, '2016-10-19 06:40:12'),
(142, 78, 35, 120.00, 500.00, NULL, 1, 0, '2016-10-21', '2016-10-24', 0, 0, 0, 'sfsfdsfsdf', 0, 0, '2016-10-19 07:44:50'),
(143, 78, 74, 160.00, 500.00, NULL, 1, 0, '2016-10-20', '2016-10-24', 0, 0, 0, 'asdas', 0, 0, '2016-10-19 09:47:38'),
(144, 79, 57, 1.00, 2.00, NULL, 1, 0, '2016-10-20', '2016-10-27', 0, 0, 0, NULL, 0, 0, '2016-10-20 06:48:47'),
(145, 72, 32, 0.80, 1.00, NULL, 1, 0, '2016-10-24', '2016-11-17', 0, 0, 0, NULL, 0, 0, '2016-10-20 07:08:20'),
(146, 72, 57, 0.30, 1.00, NULL, 1, 0, '2016-10-20', '2016-10-29', 0, 0, 0, NULL, 0, 0, '2016-10-20 07:10:32'),
(147, 69, 50, 0.93, 2.00, NULL, 1, 0, '2016-10-20', '2016-11-03', 0, 0, 0, NULL, 0, 0, '2016-10-20 07:44:46'),
(148, 88, 74, 0.57, 7.00, NULL, 1, 0, '2016-10-26', '2016-10-28', 0, 0, 0, 'cmehedi@polyfaust.com', 0, 0, '2016-10-22 06:08:55'),
(149, 57, 32, 0.02, 5.00, NULL, 1, 0, '2016-10-27', '2016-10-30', 0, 0, 0, NULL, 0, 0, '2016-10-24 06:18:52'),
(150, 41, 32, 0.33, 5.00, NULL, 1, 0, '2016-10-24', '2016-10-29', 0, 0, 0, NULL, 0, 0, '2016-10-24 06:25:35'),
(151, 59, 39, 0.40, 5.00, NULL, 1, 0, '2016-10-24', '2016-10-30', 0, 0, 0, 'Hello Remarks!', 0, 1, '2016-10-24 11:30:53'),
(152, 13, 57, 4.00, 5.00, NULL, 1, 0, '2016-10-24', '2016-10-26', 0, 0, 0, NULL, 0, 0, '2016-10-24 11:51:01'),
(153, 60, 39, 0.33, 5.00, NULL, 1, 0, '2016-10-24', '2016-10-29', 0, 0, 0, NULL, 0, 1, '2016-10-24 11:58:09'),
(154, 51, 57, 0.02, 5.00, NULL, 1, 0, '2016-10-24', '2016-10-28', 0, 0, 0, NULL, 0, 0, '2016-10-24 12:02:00'),
(155, 88, 57, 0.57, 7.00, NULL, 1, 0, '2016-10-25', '2016-10-27', 0, 0, 0, NULL, 0, 0, '2016-10-25 05:14:14'),
(156, 79, 57, 0.14, 2.00, NULL, 1, 0, '2016-10-25', '2016-10-26', 0, 0, 0, NULL, 0, 1, '2016-10-25 09:21:53'),
(157, 49, 57, 2.00, 2.00, NULL, 0, 0, '2016-10-25', '2016-10-27', 1, 0, 0, NULL, 1, 1, '2016-10-25 09:37:05'),
(158, 90, 37, 187.00, 1200.00, NULL, 1, 0, '2016-11-01', '2016-11-23', 0, 0, 0, 'The only one that is not immediately known', 0, 0, '2016-10-26 07:05:07'),
(159, 91, 75, 69.00, 2333.00, NULL, 1, 0, '2016-10-28', '2016-10-31', 0, 0, 0, NULL, 0, 0, '2016-10-27 11:10:16'),
(160, 70, 50, 0.23, 2.00, NULL, 0, 0, '2016-10-31', '2016-11-07', 1, 0, 0, NULL, 1, 1, '2016-10-31 07:24:52'),
(161, 51, 57, 0.01, 5.00, NULL, 1, 0, '2016-10-31', '2016-11-02', 0, 1, 0, NULL, 0, 1, '2016-10-31 07:45:31'),
(162, 48, 57, 0.13, 5.00, NULL, 1, 0, '2016-10-31', '2016-11-02', 0, 0, 0, NULL, 0, 0, '2016-10-31 08:16:41'),
(163, 96, 35, 1200.00, 5000.00, NULL, 1, 0, '2016-10-31', '2016-11-30', 0, 0, 0, NULL, 0, 0, '2016-10-31 10:13:36'),
(164, 90, 35, 153.00, 1200.00, NULL, 1, 0, '2016-10-31', '2016-11-18', 0, 0, 0, NULL, 0, 0, '2016-10-31 10:20:39'),
(165, 103, 57, 0.01, 1.00, NULL, 1, 0, '2016-11-01', '2016-11-04', 0, 0, 0, NULL, 0, 1, '2016-11-01 12:09:50'),
(166, 102, 46, 0.03, 1.00, NULL, 1, 0, '2016-11-03', '2016-11-04', 0, 0, 0, 'hi', 0, 0, '2016-11-03 05:03:12'),
(167, 70, 71, 0.03, 2.00, NULL, 0, 0, '2016-11-03', '2016-11-04', 1, 0, 0, NULL, 0, 1, '2016-11-03 09:25:06'),
(168, 100, 32, 0.03, 2.00, NULL, 1, 0, '2016-11-03', '2016-11-04', 0, 0, 0, NULL, 0, 0, '2016-11-03 11:40:25'),
(169, 103, 89, 0.04, 1.00, NULL, 1, 0, '2016-11-10', '2016-11-23', 0, 0, 0, 'amake vara den', 0, 0, '2016-11-03 11:55:45'),
(170, 100, 32, 0.03, 2.00, NULL, 1, 0, '2016-11-11', '2016-11-12', 0, 0, 0, NULL, 0, 0, '2016-11-04 08:14:35'),
(171, 102, 91, 0.47, 1.00, NULL, 1, 0, '2016-11-13', '2016-11-27', 0, 0, 0, NULL, 0, 0, '2016-11-06 19:22:30'),
(172, 104, 57, 0.17, 1.00, NULL, 0, 0, '2016-11-07', '2016-11-12', 1, 0, 0, NULL, 0, 1, '2016-11-07 06:19:26'),
(173, 97, 93, 0.07, 2.00, NULL, 0, 0, '2016-11-07', '2016-11-09', 1, 0, 0, NULL, 0, 1, '2016-11-07 06:22:19'),
(174, 105, 93, 0.07, 1.00, NULL, 0, 0, '2016-11-08', '2016-11-10', 1, 0, 0, NULL, 0, 1, '2016-11-08 11:07:42'),
(175, 106, 93, 0.03, 1.00, NULL, 1, 0, '2016-11-08', '2016-11-09', 0, 0, 0, NULL, 0, 1, '2016-11-08 11:38:38'),
(176, 105, 35, 0.70, 1.00, NULL, 1, 0, '2016-11-11', '2016-12-02', 0, 0, 0, NULL, 0, 0, '2016-11-09 08:31:50'),
(177, 106, 32, 0.03, 1.00, NULL, 1, 0, '2016-11-09', '2016-11-10', 0, 0, 0, NULL, 0, 0, '2016-11-09 08:49:31'),
(178, 70, 32, 0.07, 2.00, NULL, 1, 0, '2016-11-09', '2016-11-11', 0, 0, 0, NULL, 0, 0, '2016-11-09 11:48:51'),
(179, 107, 32, 0.07, 256.00, NULL, 1, 1, '2016-11-10', '2016-11-11', 0, 0, 0, 'how r u', 0, 0, '2016-11-09 11:39:51'),
(180, 107, 32, 0.00, 2.00, NULL, 0, 0, '2016-11-10', '2016-11-11', 1, 0, 0, 'bgbfg', 0, 1, '2016-11-09 11:47:31'),
(181, 106, 99, 0.23, 1.00, NULL, 1, 0, '2016-11-10', '2016-11-17', 0, 0, 0, NULL, 0, 0, '2016-11-09 12:17:51'),
(182, 61, 32, 2.00, 5.00, NULL, 0, 0, '2016-11-09', '2016-11-10', 1, 0, 0, NULL, 0, 1, '2016-11-09 12:31:49'),
(183, 109, 63, 0.07, 1.00, NULL, 0, 0, '2016-11-10', '2016-11-12', 1, 0, 0, NULL, 1, 1, '2016-11-10 07:43:58'),
(184, 110, 104, 0.07, 1.00, NULL, 1, 1, '2016-11-10', '2016-11-12', 0, 0, 0, NULL, 0, 0, '2016-11-10 08:09:51'),
(185, 110, 104, 0.07, 1.00, NULL, 1, 0, '2016-11-10', '2016-11-12', 0, 1, 0, 'fgh', 0, 1, '2016-11-10 08:11:03'),
(186, 94, 99, 3.04, 650.00, NULL, 1, 1, '2016-11-28', '2016-11-30', 0, 0, 0, 'i want', 0, 0, '2016-11-15 04:46:55'),
(187, 91, 99, 1.00, 3.00, NULL, 1, 0, '2016-11-15', '2016-11-16', 0, 0, 0, 'ewe', 0, 1, '2016-11-15 05:15:26'),
(188, 91, 99, 1.00, 3.00, NULL, 1, 0, '2016-11-15', '2016-11-16', 0, 0, 0, 'nhg', 0, 1, '2016-11-15 05:56:40'),
(189, 91, 99, 1.00, 3.00, NULL, 1, 0, '2016-11-15', '2016-11-16', 0, 0, 0, 'hello', 0, 1, '2016-11-15 07:21:10'),
(190, 90, 99, 2.00, 3.00, NULL, 1, 0, '2016-11-15', '2016-11-17', 0, 0, 0, NULL, 0, 1, '2016-11-15 09:04:56'),
(191, 90, 99, 1.00, 3.00, NULL, 0, 0, '2016-11-15', '2016-11-16', 1, 0, 0, NULL, 1, 1, '2016-11-15 10:34:02'),
(192, 90, 99, 1.00, 3.00, NULL, 1, 0, '2016-11-17', '2016-11-18', 0, 1, 0, NULL, 0, 1, '2016-11-15 11:54:58'),
(193, 89, 99, 0.03, 3.00, NULL, 1, 0, '2016-11-16', '2016-11-17', 0, 0, 0, NULL, 0, 1, '2016-11-17 04:43:04'),
(194, 91, 99, 1.00, 3.00, NULL, 0, 0, '2016-11-16', '2016-11-17', 1, 0, 0, NULL, 0, 1, '2016-11-16 09:15:08'),
(195, 17, 99, 4.00, 5.00, NULL, 0, 0, '2016-11-17', '2016-11-19', 0, 1, 0, NULL, 0, 1, '2016-11-17 05:14:30'),
(197, 16, 99, 4.00, 5.00, NULL, 0, 0, '2016-11-17', '2016-11-19', 1, 0, 0, NULL, 0, 1, '2016-11-17 05:24:55'),
(198, 94, 99, 0.01, 4.00, NULL, 1, 0, '2016-11-21', '2016-11-23', 0, 1, 0, 'hello', 0, 1, '2016-11-17 06:05:23'),
(199, 46, 99, 4.00, 5.00, NULL, 0, 0, '2016-11-17', '2016-11-19', 1, 0, 0, NULL, 1, 1, '2016-11-17 06:56:17'),
(200, 19, 99, 2.00, 3.00, NULL, 0, 0, '2016-11-17', '2016-11-19', 1, 0, 0, NULL, 1, 1, '2016-11-17 07:21:40'),
(201, 112, 99, 1.00, 1.00, NULL, 0, 0, '2016-11-17', '2016-11-18', 1, 0, 0, NULL, 0, 1, '2016-11-17 07:41:11'),
(202, 88, 99, 0.14, 1.00, NULL, 0, 0, '2016-11-17', '2016-11-18', 1, 0, 0, NULL, 1, 1, '2016-11-17 07:48:22'),
(203, 90, 99, 1.00, 3.00, NULL, 1, 1, '2016-11-23', '2016-11-24', 0, 0, 0, NULL, 0, 1, '2016-11-17 10:48:44'),
(204, 90, 99, 1.00, 3.00, NULL, 0, 0, '2016-11-25', '2016-11-26', 1, 0, 0, NULL, 0, 1, '2016-11-17 10:53:24'),
(205, 113, 99, 1.00, 1.00, NULL, 1, 1, '2016-11-17', '2016-11-18', 0, 0, 0, NULL, 0, 0, '2016-11-17 11:59:54'),
(206, 114, 99, 1.00, 1.00, NULL, 1, 1, '2016-11-17', '2016-11-18', 0, 0, 0, NULL, 0, 0, '2016-11-17 12:07:24'),
(207, 115, 99, 1.00, 1.00, NULL, 0, 0, '2016-11-17', '2016-11-18', 1, 0, 0, NULL, 0, 1, '2016-11-17 12:16:37'),
(208, 116, 99, 1.00, 1.00, NULL, 1, 1, '2016-11-17', '2016-11-18', 0, 0, 0, NULL, 0, 0, '2016-11-17 12:21:27'),
(209, 109, 99, 0.03, 1.00, NULL, 0, 0, '2016-12-01', '2016-12-02', 0, 0, 0, 'hi', 0, 1, '2016-11-18 06:21:24'),
(210, 99, 73, 0.37, 2.00, NULL, 1, 1, '2016-11-19', '2016-11-30', 0, 0, 0, NULL, 0, 0, '2016-11-18 06:51:38'),
(211, 104, 73, 0.67, 1.00, NULL, 0, 0, '2016-11-19', '2016-12-09', 0, 0, 0, NULL, 0, 0, '2016-11-18 07:15:59'),
(212, 109, 99, 0.03, 1.00, NULL, 0, 0, '2016-11-19', '2016-11-20', 0, 0, 0, NULL, 0, 0, '2016-11-19 08:05:56'),
(213, 117, 111, 10.00, 2000.00, NULL, 0, 0, '2016-12-01', '2016-12-31', 0, 0, 0, 'This is remarks from wxqyr@xww.ro', 0, 0, '2016-11-30 06:09:02'),
(214, 117, 114, 2.67, 2000.00, NULL, 0, 0, '2016-12-06', '2016-12-14', 1, 0, 0, 'kuhivehip@dr69.site', 0, 1, '2016-12-06 10:57:37'),
(215, 123, 118, 110.00, 1900.00, NULL, 0, 0, '2016-12-22', '2016-12-29', 0, 0, 0, 'N/A', 0, 0, '2016-12-14 07:00:35'),
(216, 117, 118, 4.33, 2000.00, NULL, 0, 0, '2016-12-22', '2017-01-04', 0, 0, 0, 'asda', 0, 0, '2016-12-14 07:08:38'),
(217, 124, 109, 7.00, 100.00, NULL, 0, 0, '2017-01-04', '2017-01-11', 0, 0, 0, NULL, 0, 0, '2016-12-15 19:47:34'),
(218, 123, 109, -78.57, 1900.00, NULL, 0, 0, '2016-12-15', '2016-12-10', 0, 0, 0, 'gyurdg', 0, 0, '2016-12-24 06:51:44'),
(219, 129, 35, 1.00, 10.00, NULL, 1, 1, '2016-12-25', '2016-12-26', 0, 0, 0, NULL, 0, 0, '2016-12-25 11:21:29'),
(220, 122, 124, 1.71, 1200.00, NULL, 0, 0, '2016-12-25', '2016-12-26', 0, 0, 0, NULL, 0, 0, '2016-12-25 13:20:55'),
(221, 122, 124, 1.71, 1200.00, NULL, 0, 0, '2016-12-27', '2016-12-28', 0, 0, 0, NULL, 0, 0, '2016-12-25 13:22:46'),
(222, 131, 35, 0.00, 0.00, NULL, 0, 0, '2016-12-25', '2016-12-26', 0, 0, 0, NULL, 0, 0, '2016-12-25 14:00:13'),
(223, 127, 124, 0.03, 100.00, NULL, 0, 0, '2016-12-25', '2016-12-26', 0, 0, 0, NULL, 0, 0, '2016-12-25 14:01:51'),
(224, 132, 124, 1.00, 10.00, NULL, 0, 0, '2016-12-25', '2017-01-01', 0, 0, 0, NULL, 0, 0, '2016-12-25 14:32:14'),
(225, 117, 126, 2.67, 2000.00, NULL, 0, 0, '2016-12-27', '2017-01-04', 0, 0, 0, 'asd', 0, 0, '2016-12-26 17:18:46'),
(226, 132, 32, 0.14, 10.00, NULL, 0, 0, '2016-12-28', '2016-12-29', 0, 0, 0, NULL, 0, 1, '2016-12-28 11:47:47');

-- --------------------------------------------------------

--
-- Table structure for table `rent_type`
--

CREATE TABLE `rent_type` (
  `id` int(11) NOT NULL,
  `name` varchar(200) NOT NULL,
  `created_date` timestamp NOT NULL DEFAULT CURRENT_TIMESTAMP ON UPDATE CURRENT_TIMESTAMP
) ENGINE=InnoDB DEFAULT CHARSET=latin1;

--
-- Dumping data for table `rent_type`
--

INSERT INTO `rent_type` (`id`, `name`, `created_date`) VALUES
(1, 'Day', '2016-08-11 13:03:54'),
(2, 'Week', '2016-08-11 13:03:58'),
(3, 'Month', '2016-08-11 13:04:00'),
(4, 'Year', '2016-08-11 13:04:10');

-- --------------------------------------------------------

--
-- Table structure for table `state`
--

CREATE TABLE `state` (
  `id` int(11) NOT NULL,
  `code` varchar(100) NOT NULL,
  `name` varchar(100) NOT NULL,
  `created_date` timestamp NOT NULL DEFAULT CURRENT_TIMESTAMP ON UPDATE CURRENT_TIMESTAMP
) ENGINE=InnoDB DEFAULT CHARSET=latin1;

--
-- Dumping data for table `state`
--

INSERT INTO `state` (`id`, `code`, `name`, `created_date`) VALUES
(1, 'AL', 'Alabama', '2016-11-29 07:23:28'),
(2, 'AK', 'Alaska', '2016-11-29 07:23:28'),
(3, 'AZ', 'Arizona', '2016-11-29 07:23:28'),
(4, 'AR', 'Arkansas', '2016-11-29 07:23:28'),
(5, 'CA', 'California', '2016-11-29 07:23:28'),
(6, 'CO', 'Colorado', '2016-11-29 07:23:28'),
(7, 'CT', 'Connecticut', '2016-11-29 07:23:28'),
(8, 'DE', 'Delaware', '2016-11-29 07:23:28'),
(9, 'DC', 'District of Columbia', '2016-11-29 07:23:28'),
(10, 'FL', 'Florida', '2016-11-29 07:23:28'),
(11, 'GA', 'Georgia', '2016-11-29 07:23:28'),
(12, 'HI', 'Hawaii', '2016-11-29 07:23:28'),
(13, 'ID', 'Idaho', '2016-11-29 07:23:28'),
(14, 'IL', 'Illinois', '2016-11-29 07:23:28'),
(15, 'IN', 'Indiana', '2016-11-29 07:23:28'),
(16, 'IA', 'Iowa', '2016-11-29 07:23:28'),
(17, 'KS', 'Kansas', '2016-11-29 07:23:28'),
(18, 'KY', 'Kentucky', '2016-11-29 07:23:28'),
(19, 'LA', 'Louisiana', '2016-11-29 07:23:28'),
(20, 'ME', 'Maine', '2016-11-29 07:23:28'),
(21, 'MD', 'Maryland', '2016-11-29 07:23:28'),
(22, 'MA', 'Massachusetts', '2016-11-29 07:23:28'),
(23, 'MI', 'Michigan', '2016-11-29 07:23:28'),
(24, 'MN', 'Minnesota', '2016-11-29 07:23:28'),
(25, 'MS', 'Mississippi', '2016-11-29 07:23:28'),
(26, 'MO', 'Missouri', '2016-11-29 07:23:28'),
(27, 'MT', 'Montana', '2016-11-29 07:23:28'),
(28, 'NE', 'Nebraska', '2016-11-29 07:23:28'),
(29, 'NV', 'Nevada', '2016-11-29 07:23:28'),
(30, 'NH', 'New Hampshire', '2016-11-29 07:23:28'),
(31, 'NJ', 'New Jersey', '2016-11-29 07:23:28'),
(32, 'NM', 'New Mexico', '2016-11-29 07:23:28'),
(33, 'NY', 'New York', '2016-11-29 07:23:28'),
(34, 'NC', 'North Carolina', '2016-11-29 07:23:28'),
(35, 'ND', 'North Dakota', '2016-11-29 07:23:28'),
(36, 'OH', 'Ohio', '2016-11-29 07:23:28'),
(37, 'OK', 'Oklahoma', '2016-11-29 07:23:28'),
(38, 'OR', 'Oregon', '2016-11-29 07:23:28'),
(39, 'PA', 'Pennsylvania', '2016-11-29 07:23:28'),
(40, 'PR', 'Puerto Rico', '2016-11-29 07:23:28'),
(41, 'RI', 'Rhode Island', '2016-11-29 07:23:28'),
(42, 'SC', 'South Carolina', '2016-11-29 07:23:28'),
(43, 'SD', 'South Dakota', '2016-11-29 07:23:28'),
(44, 'TN', 'Tennessee', '2016-11-29 07:23:28'),
(45, 'TX', 'Texas', '2016-11-29 07:23:28'),
(46, 'UT', 'Utah', '2016-11-29 07:23:28'),
(47, 'VT', 'Vermont', '2016-11-29 07:23:28'),
(48, 'VA', 'Virginia', '2016-11-29 07:23:28'),
(49, 'WA', 'Washington', '2016-11-29 07:23:28'),
(50, 'WV', 'West Virginia', '2016-11-29 07:23:28'),
(51, 'WI', 'Wisconsin', '2016-11-29 07:23:28'),
(52, 'WY', 'Wyoming', '2016-11-29 07:23:28');

-- --------------------------------------------------------

--
-- Table structure for table `temp_file`
--

CREATE TABLE `temp_file` (
  `id` int(11) NOT NULL,
  `token` int(11) NOT NULL,
  `path` text NOT NULL,
  `created_date` timestamp NOT NULL DEFAULT CURRENT_TIMESTAMP ON UPDATE CURRENT_TIMESTAMP
) ENGINE=InnoDB DEFAULT CHARSET=latin1;

--
-- Dumping data for table `temp_file`
--

INSERT INTO `temp_file` (`id`, `token`, `path`, `created_date`) VALUES
(4, 1000142027, 'temp/201280.JPG', '2016-10-28 10:34:49'),
(5, 1000747155, 'temp/707815.JPG', '2016-10-28 10:50:06'),
(6, 1000232774, 'temp/389129.jpg', '2016-10-31 04:25:34'),
(7, 1000447759, 'temp/129289.png', '2016-10-31 04:57:45'),
(9, 1000155075, 'temp/327544.jpg', '2016-10-31 05:56:26'),
(12, 1000744034, 'temp/394240.jpg', '2016-10-31 09:45:08'),
(13, 1000238686, 'temp/744470.jpg', '2016-10-31 09:45:43'),
(14, 1000118908, 'temp/491763.pdf', '2016-10-31 10:09:13'),
(15, 1000310670, 'temp/61813.jpg', '2016-10-31 10:10:02'),
(16, 1000205801, 'temp/107127.png', '2016-10-31 10:13:29'),
(17, 1000323921, 'temp/292396.jpg', '2016-10-31 10:13:37'),
(28, 1000675055, 'temp/19451.png', '2016-11-01 11:02:54'),
(29, 1000826657, 'temp/529400.png', '2016-11-01 11:12:30'),
(30, 1000227296, 'temp/603342.png', '2016-11-01 11:15:23'),
(31, 1000388192, 'temp/286427.jpg', '2016-11-01 11:16:05'),
(32, 1000286384, 'temp/567333.png', '2016-11-01 11:20:22'),
(33, 1000779919, 'temp/544142.jpg', '2016-11-01 11:32:28'),
(34, 1000778926, 'temp/181833.jpg', '2016-11-01 11:33:56'),
(35, 1000421743, 'temp/331796.png', '2016-11-01 11:41:18'),
(36, 1000455456, 'temp/235878.jpg', '2016-11-01 11:47:19'),
(37, 1000684309, 'temp/460843.jpg', '2016-11-01 11:48:30'),
(38, 1000645269, 'temp/292414.JPG', '2016-11-01 12:21:18'),
(39, 1000130573, 'temp/460967.JPG', '2016-11-01 12:29:28'),
(40, 1000434125, 'temp/514002.JPG', '2016-11-02 10:42:52'),
(41, 1000227244, 'temp/758267.jpg', '2016-11-03 04:12:50'),
(42, 1000047516, 'temp/157166.png', '2016-11-03 06:16:58'),
(43, 1000411131, 'temp/506608.jpg', '2016-11-03 09:22:59'),
(44, 1000291540, 'temp/489718.png', '2016-11-03 10:13:37'),
(46, 1000836084, 'temp/600871.jpg', '2016-11-03 11:29:12'),
(47, 1000602488, 'temp/636006.png', '2016-11-06 19:03:41'),
(51, 1000778333, 'temp/647962.jpg', '2016-11-08 12:48:52'),
(52, 1000098602, 'temp/508731.png', '2016-11-09 08:08:36'),
(53, 1000106966, 'temp/763578.png', '2016-11-09 08:08:37'),
(56, 1000440531, 'temp/140410.png', '2016-11-10 04:59:21'),
(57, 1000127807, 'temp/670486.png', '2016-11-10 04:59:23'),
(61, 1000412553, 'temp/718388.jpg', '2016-11-10 07:29:39'),
(65, 1000726900, 'temp/542472.png', '2016-11-10 10:09:10'),
(66, 1000471483, 'temp/221909.png', '2016-11-10 10:12:11'),
(67, 1000478930, 'temp/232037.png', '2016-11-10 10:13:30'),
(71, 1000314222, 'temp/296955.JPG', '2016-11-11 12:24:17'),
(72, 1000158978, 'temp/470085.JPG', '2016-11-11 12:25:32'),
(73, 1000099115, 'temp/356947.jpg', '2016-11-11 12:30:07'),
(74, 1000572814, 'temp/883778.JPG', '2016-11-11 12:30:07'),
(75, 1000144336, 'temp/882252.jpg', '2016-11-11 12:55:32'),
(76, 1000145818, 'temp/510808.jpg', '2016-11-11 12:55:32'),
(77, 1000015327, 'temp/556666.jpg', '2016-11-11 12:55:32'),
(78, 1000282235, 'temp/589730.png', '2016-11-14 05:56:51'),
(79, 1000254761, 'temp/118478.png', '2016-11-14 05:58:25'),
(80, 1000785995, 'temp/785703.png', '2016-11-14 06:06:38'),
(81, 1000086589, 'temp/793248.jpg', '2016-11-14 06:21:05'),
(82, 1000770815, 'temp/804941.jpg', '2016-11-14 06:23:25'),
(83, 1000673997, 'temp/160269.png', '2016-11-14 06:37:12'),
(84, 1000546765, 'temp/240850.png', '2016-11-14 06:45:43'),
(85, 1000001063, 'temp/277069.png', '2016-11-14 06:50:22'),
(86, 1000120525, 'temp/760821.png', '2016-11-14 06:52:02'),
(87, 1000190560, 'temp/524975.png', '2016-11-14 06:55:03'),
(88, 1000299212, 'temp/317070.png', '2016-11-14 06:57:12'),
(89, 1000355995, 'temp/553587.png', '2016-11-14 06:59:09'),
(90, 1000271213, 'temp/263688.png', '2016-11-14 07:12:58'),
(91, 1000814993, 'temp/810367.png', '2016-11-14 07:13:18'),
(92, 1000010485, 'temp/683563.PNG', '2016-11-14 07:28:16'),
(93, 1000227288, 'temp/500138.JPG', '2016-11-14 07:28:36'),
(94, 1000334214, 'temp/349230.JPG', '2016-11-14 07:33:39'),
(95, 1000172464, 'temp/729759.JPG', '2016-11-14 07:43:07'),
(96, 1000802590, 'temp/790028.png', '2016-11-14 07:51:22'),
(97, 1000497747, 'temp/117713.JPG', '2016-11-14 07:55:14'),
(98, 1000360991, 'temp/130072.PNG', '2016-11-14 07:55:53'),
(99, 1000062186, 'temp/136042.JPG', '2016-11-14 08:28:45'),
(100, 1000720534, 'temp/894508.JPG', '2016-11-14 10:00:05'),
(101, 1000071725, 'temp/682810.JPG', '2016-11-14 10:07:23'),
(102, 1000079693, 'temp/822334.JPG', '2016-11-14 10:13:45'),
(103, 1000615361, 'temp/276676.JPG', '2016-11-14 10:19:28'),
(104, 1000293036, 'temp/644001.JPG', '2016-11-14 10:23:49'),
(105, 1000783406, 'temp/616698.JPG', '2016-11-14 10:42:35'),
(106, 1000485743, 'temp/797977.JPG', '2016-11-14 10:54:11'),
(107, 1000517004, 'temp/141900.JPG', '2016-11-14 11:11:26'),
(108, 1000407609, 'temp/676702.JPG', '2016-11-14 11:11:47'),
(109, 1000484955, 'temp/169573.JPG', '2016-11-14 11:12:29'),
(110, 1000474233, 'temp/663016.png', '2016-11-14 11:15:24'),
(111, 1000820246, 'temp/522313.png', '2016-11-14 11:15:36'),
(112, 1000254010, 'temp/421981.JPG', '2016-11-14 11:17:11'),
(113, 1000112363, 'temp/752209.JPG', '2016-11-14 11:19:46'),
(114, 1000406353, 'temp/790092.JPG', '2016-11-14 11:23:17'),
(115, 1000038567, 'temp/401981.PNG', '2016-11-14 11:25:54'),
(116, 1000554983, 'temp/446600.JPG', '2016-11-14 11:30:39'),
(117, 1000227180, 'temp/214280.jpeg', '2016-11-14 11:37:17'),
(118, 1000494880, 'temp/475023.jpg', '2016-11-14 11:37:24'),
(119, 1000015345, 'temp/866416.jpg', '2016-11-14 11:37:31'),
(120, 1000864347, 'temp/712870.png', '2016-11-14 11:41:00'),
(121, 1000753326, 'temp/621026.JPG', '2016-11-14 11:41:18'),
(122, 1000300406, 'temp/508432.JPG', '2016-11-14 12:35:59'),
(131, 1000509894, 'temp/373426.JPG', '2016-11-18 07:06:14'),
(132, 1000404194, 'temp/433831.JPG', '2016-11-18 07:07:57'),
(133, 1000030356, 'temp/809604.JPG', '2016-11-18 07:08:55'),
(134, 1000829495, 'temp/848042.JPG', '2016-11-18 07:10:44'),
(135, 1000420815, 'temp/675329.PNG', '2016-11-18 07:10:46'),
(136, 1000168741, 'temp/14807.JPG', '2016-11-18 07:30:17'),
(137, 1000663278, 'temp/211498.JPG', '2016-11-18 07:34:08'),
(138, 1000533531, 'temp/56366.JPG', '2016-11-18 11:40:02'),
(139, 1000398777, 'temp/179548.jpg', '2016-11-19 08:07:05'),
(140, 1000294106, 'temp/466238.JPG', '2016-11-21 11:06:38'),
(141, 1000746529, 'temp/237678.jpg', '2016-11-29 13:46:35'),
(146, 1000353663, 'temp/229440.JPG', '2016-12-01 06:43:53'),
(148, 1000480797, 'temp/521451.JPG', '2016-12-01 11:48:22'),
(149, 1000123740, 'temp/185548.JPG', '2016-12-01 12:09:15'),
(150, 1000711625, 'temp/604006.JPG', '2016-12-01 12:09:28'),
(151, 1000194956, 'temp/879577.JPG', '2016-12-01 12:09:28'),
(152, 1000422068, 'temp/462666.JPG', '2016-12-01 12:11:19'),
(153, 1000730450, 'temp/465783.JPG', '2016-12-01 12:12:07'),
(156, 1000369896, 'temp/762022.JPG', '2016-12-01 12:50:35'),
(157, 1000247003, 'temp/483839.JPG', '2016-12-01 12:52:25'),
(158, 1000245736, 'temp/285371.JPG', '2016-12-01 12:52:28'),
(159, 1000456813, 'temp/665573.JPG', '2016-12-01 12:53:25'),
(162, 1000472049, 'temp/439550.jpg', '2016-12-12 23:25:16'),
(165, 1000244701, 'temp/8371.jpg', '2016-12-20 13:31:58'),
(166, 1000863571, 'temp/818857.png', '2016-12-20 13:32:24'),
(167, 1000628934, 'temp/885602.png', '2016-12-20 13:32:55'),
(168, 1000203157, 'temp/93798.png', '2016-12-20 13:45:43'),
(169, 1000228250, 'temp/523977.jpg', '2016-12-20 13:52:39'),
(170, 1000613936, 'temp/152011.jpg', '2016-12-20 13:53:44'),
(171, 1000013903, 'temp/20483.png', '2016-12-20 14:01:22'),
(172, 1000698427, 'temp/186882.jpg', '2016-12-20 14:10:50'),
(173, 1000511784, 'temp/626230.jpg', '2016-12-20 14:11:44'),
(176, 1000115856, 'temp/321866.jpg', '2016-12-25 09:51:37'),
(179, 1000890307, 'temp/58139.jpg', '2016-12-25 10:34:25'),
(180, 1000267719, 'temp/457968.jpg', '2016-12-25 10:34:34'),
(186, 1000211967, 'temp/363587.jpg', '2016-12-25 14:07:34'),
(193, 1000608687, 'temp/36292.jpg', '2017-01-05 12:06:05'),
(194, 1000025822, 'temp/839376.png', '2017-01-11 08:42:33'),
(195, 1000577538, 'temp/153178.png', '2017-01-11 08:42:42'),
(196, 1000774220, 'temp/83218.png', '2017-01-11 08:42:51'),
(197, 1000068467, 'temp/764789.png', '2017-01-11 08:42:55'),
(198, 1000725087, 'temp/739106.png', '2017-01-11 08:43:00'),
(199, 1000327939, 'temp/785161.png', '2017-01-11 08:43:03'),
(200, 1000724581, 'temp/614512.png', '2017-01-11 08:43:05'),
(201, 1000465922, 'temp/834630.png', '2017-03-03 07:19:45'),
(202, 1000361810, 'temp/43377.png', '2017-03-20 16:56:40'),
(203, 1000240512, 'temp/891739.png', '2017-03-20 16:56:41'),
(205, 1000183562, 'temp/503446.png', '2017-07-14 14:00:50'),
(206, 1000720169, 'temp/534915.png', '2017-07-14 14:00:57'),
(207, 1000281392, 'temp/90179.png', '2017-07-14 14:02:15'),
(208, 1000073599, 'temp/464176.png', '2017-07-14 14:02:24'),
(209, 1000572187, 'temp/532773.png', '2017-07-14 14:02:31'),
(210, 1000845280, 'temp/669960.png', '2017-07-14 14:03:25'),
(211, 1000064664, 'temp/633489.png', '2017-07-14 14:05:18'),
(212, 1000395166, 'temp/142761.png', '2017-07-14 14:07:04'),
(213, 1000277391, 'temp/359092.png', '2017-07-14 14:07:29'),
(214, 1000021788, 'temp/99710.png', '2017-07-14 14:07:32');

-- --------------------------------------------------------

--
-- Table structure for table `transaction`
--

CREATE TABLE `transaction` (
  `id` bigint(11) NOT NULL,
  `app_credential_id` int(11) NOT NULL,
  `payment_id` bigint(11) DEFAULT NULL,
  `refund_id` bigint(20) DEFAULT NULL,
  `payout_id` bigint(20) DEFAULT NULL,
  `type` enum('deposite','payment','payout','refund','received_rent_fee') NOT NULL,
  `details` text NOT NULL,
  `dr` double(9,5) NOT NULL,
  `cr` double(9,5) NOT NULL,
  `cumulative_dr` double(11,5) NOT NULL,
  `cumulative_cr` double(11,5) NOT NULL,
  `created_date` timestamp NOT NULL DEFAULT CURRENT_TIMESTAMP ON UPDATE CURRENT_TIMESTAMP
) ENGINE=InnoDB DEFAULT CHARSET=latin1;

-- --------------------------------------------------------

--
-- Table structure for table `user_address`
--

CREATE TABLE `user_address` (
  `id` int(11) NOT NULL,
  `address` text,
  `zip` varchar(20) DEFAULT NULL,
  `city` varchar(200) DEFAULT NULL,
  `state` varchar(200) DEFAULT NULL,
  `lat` double(13,9) DEFAULT NULL,
  `lng` double(13,9) DEFAULT NULL,
  `created_date` timestamp NOT NULL DEFAULT CURRENT_TIMESTAMP
) ENGINE=InnoDB DEFAULT CHARSET=latin1;

--
-- Dumping data for table `user_address`
--

INSERT INTO `user_address` (`id`, `address`, `zip`, `city`, `state`, `lat`, `lng`, `created_date`) VALUES
(1, 'sdf', 'sdf', 'sdf', 'sdf', NULL, NULL, '2016-08-02 12:41:56'),
(2, '', '', '', '', NULL, NULL, '2016-08-04 12:47:12'),
(3, '', '', '', '', NULL, NULL, '2016-08-04 12:53:50'),
(4, '', '', '', '', NULL, NULL, '2016-08-04 13:17:31'),
(5, '', '', '', '', NULL, NULL, '2016-08-05 05:32:10'),
(6, '', '', '', '', NULL, NULL, '2016-08-05 06:54:46'),
(7, '', '', '', '', NULL, NULL, '2016-08-05 06:56:14'),
(8, '', '', '', '', NULL, NULL, '2016-08-05 06:57:24'),
(9, '', '', '', '', NULL, NULL, '2016-08-05 06:59:28'),
(10, '', '', '', '', NULL, NULL, '2016-08-05 07:04:06'),
(11, '', '', '', '', NULL, NULL, '2016-08-05 07:11:14'),
(12, '', '', '', '', NULL, NULL, '2016-08-05 09:22:41'),
(13, '', '', '', '', NULL, NULL, '2016-08-05 09:25:29'),
(14, '', '', '', '', NULL, NULL, '2016-08-05 09:32:03'),
(15, '', '', '', '', NULL, NULL, '2016-08-05 09:37:43'),
(16, '', '', '', '', NULL, NULL, '2016-08-05 09:40:14'),
(17, '', '', '', '', NULL, NULL, '2016-08-05 09:42:55'),
(18, '', '', '', '', NULL, NULL, '2016-08-05 12:11:04'),
(19, '', '', '', '', NULL, NULL, '2016-08-08 07:14:22'),
(20, '', '', '', '', NULL, NULL, '2016-08-08 08:02:14'),
(21, '', '', '', '', NULL, NULL, '2016-08-08 08:24:21'),
(22, '', '', '', '', NULL, NULL, '2016-08-08 08:56:09'),
(23, '', '', '', '', NULL, NULL, '2016-08-08 09:09:28'),
(24, '', '', '', '', NULL, NULL, '2016-08-08 09:40:15'),
(25, '', '', '', '', NULL, NULL, '2016-08-08 11:34:16'),
(26, '', '', '', '', NULL, NULL, '2016-08-10 11:52:25'),
(32, '', '', '', '', NULL, NULL, '2016-08-10 12:05:23'),
(36, '', '', '', '', NULL, NULL, '2016-08-11 09:02:51'),
(37, '', '', '', '', NULL, NULL, '2016-08-12 05:24:56'),
(38, '', '', '', '', NULL, NULL, '2016-08-12 05:58:26'),
(39, '', '', '', '', NULL, NULL, '2016-08-12 06:05:53'),
(40, '', '', '', '', NULL, NULL, '2016-08-12 12:44:02'),
(41, '', '', '', '', NULL, NULL, '2016-08-17 11:34:53'),
(42, '', '', '', '', NULL, NULL, '2016-08-17 13:36:00'),
(43, '', '', '', '', NULL, NULL, '2016-08-17 14:58:06'),
(44, '', '', '', '', NULL, NULL, '2016-08-22 10:12:00'),
(45, '', '', '', '', NULL, NULL, '2016-08-22 12:11:32'),
(46, '', '', '', '', NULL, NULL, '2016-08-24 05:28:16'),
(47, '', '', '', '', NULL, NULL, '2016-08-24 05:29:20'),
(48, '', '', '', '', NULL, NULL, '2016-08-25 06:20:20'),
(49, '', '', '', '', NULL, NULL, '2016-08-26 09:04:17'),
(50, '', '', '', '', NULL, NULL, '2016-09-03 11:30:13'),
(51, '', '', '', '', NULL, NULL, '2016-09-04 18:46:43'),
(52, '', '', '', '', NULL, NULL, '2016-09-05 09:53:53'),
(53, '', '', '', '', NULL, NULL, '2016-09-05 10:00:16'),
(54, '', '', '', '', NULL, NULL, '2016-09-05 10:24:28'),
(55, '', '', '', '', NULL, NULL, '2016-09-05 11:18:20'),
(56, '', '', '', '', NULL, NULL, '2016-09-07 06:14:48'),
(57, '', '', '', '', NULL, NULL, '2016-09-07 10:45:37'),
(58, '', '', '', '', NULL, NULL, '2016-09-07 10:53:59'),
(59, '', '', '', '', NULL, NULL, '2016-09-07 11:34:27'),
(60, '', '', '', '', NULL, NULL, '2016-09-19 12:09:29'),
(61, '', '', '', '', NULL, NULL, '2016-09-20 06:04:51'),
(62, '', '', '', '', NULL, NULL, '2016-09-20 16:03:55'),
(63, '', '', '', '', NULL, NULL, '2016-09-23 06:05:59'),
(64, '', '', '', '', NULL, NULL, '2016-09-27 06:27:29'),
(65, '', '', '', '', NULL, NULL, '2016-09-28 05:04:27'),
(66, '', '', '', '', NULL, NULL, '2016-09-28 05:46:08'),
(67, '', '', '', '', NULL, NULL, '2016-09-30 08:10:33'),
(68, '', '', '', '', NULL, NULL, '2016-10-03 07:32:26'),
(69, '', '', '', '', NULL, NULL, '2016-10-15 10:43:48'),
(70, '', '', '', '', NULL, NULL, '2016-10-19 04:24:10'),
(72, '', '', '', '', NULL, NULL, '2016-10-20 06:43:36'),
(73, '', '', '', '', NULL, NULL, '2016-10-20 07:10:52'),
(75, NULL, NULL, NULL, NULL, NULL, NULL, '2016-10-24 08:44:26'),
(76, NULL, NULL, NULL, NULL, NULL, NULL, '2016-10-25 06:54:28'),
(77, NULL, NULL, NULL, NULL, NULL, NULL, '2016-10-25 07:08:44'),
(78, NULL, NULL, NULL, NULL, NULL, NULL, '2016-10-25 07:30:21'),
(79, NULL, NULL, NULL, NULL, NULL, NULL, '2016-10-25 07:51:35'),
(80, NULL, NULL, NULL, NULL, NULL, NULL, '2016-10-26 05:47:24'),
(81, NULL, NULL, NULL, NULL, NULL, NULL, '2016-10-26 06:07:15'),
(82, NULL, NULL, NULL, NULL, NULL, NULL, '2016-10-26 06:10:16'),
(83, NULL, NULL, NULL, NULL, NULL, NULL, '2016-10-31 05:01:49'),
(84, NULL, NULL, NULL, NULL, NULL, NULL, '2016-11-03 11:27:53'),
(85, NULL, NULL, NULL, NULL, NULL, NULL, '2016-11-06 08:28:33'),
(86, NULL, NULL, NULL, NULL, NULL, NULL, '2016-11-06 08:44:37'),
(87, NULL, NULL, NULL, NULL, NULL, NULL, '2016-11-06 08:50:26'),
(88, NULL, NULL, NULL, NULL, NULL, NULL, '2016-11-07 05:40:29'),
(89, NULL, NULL, NULL, NULL, NULL, NULL, '2016-11-08 07:33:00'),
(90, NULL, NULL, NULL, NULL, NULL, NULL, '2016-11-08 08:11:46'),
(91, NULL, NULL, NULL, NULL, NULL, NULL, '2016-11-08 08:50:29'),
(92, NULL, NULL, NULL, NULL, NULL, NULL, '2016-11-08 09:03:41'),
(93, NULL, NULL, NULL, NULL, NULL, NULL, '2016-11-08 09:09:13'),
(94, NULL, NULL, NULL, NULL, NULL, NULL, '2016-11-09 05:53:06'),
(95, NULL, NULL, NULL, NULL, NULL, NULL, '2016-11-09 06:05:39'),
(96, NULL, NULL, NULL, NULL, NULL, NULL, '2016-11-09 10:59:32'),
(97, NULL, NULL, NULL, NULL, NULL, NULL, '2016-11-10 05:06:25'),
(98, NULL, NULL, NULL, NULL, NULL, NULL, '2016-11-10 05:07:00'),
(99, NULL, NULL, NULL, NULL, NULL, NULL, '2016-11-10 05:23:48'),
(100, NULL, NULL, NULL, NULL, NULL, NULL, '2016-11-11 05:24:04'),
(101, NULL, NULL, NULL, NULL, NULL, NULL, '2016-11-11 22:04:45'),
(102, NULL, NULL, NULL, NULL, NULL, NULL, '2016-11-25 10:49:09'),
(103, NULL, NULL, NULL, NULL, NULL, NULL, '2016-11-28 17:06:43'),
(104, NULL, NULL, NULL, NULL, NULL, NULL, '2016-11-30 05:38:55'),
(105, NULL, NULL, NULL, NULL, NULL, NULL, '2016-11-30 05:45:48'),
(106, NULL, NULL, NULL, NULL, NULL, NULL, '2016-11-30 06:07:11'),
(107, NULL, NULL, NULL, NULL, NULL, NULL, '2016-11-30 12:11:22'),
(108, NULL, NULL, NULL, NULL, NULL, NULL, '2016-11-30 23:00:05'),
(109, NULL, NULL, NULL, NULL, NULL, NULL, '2016-12-06 10:33:21'),
(110, NULL, NULL, NULL, NULL, NULL, NULL, '2016-12-06 20:48:12'),
(111, NULL, NULL, NULL, NULL, NULL, NULL, '2016-12-07 17:29:53'),
(112, NULL, NULL, NULL, NULL, NULL, NULL, '2016-12-10 20:33:59'),
(113, NULL, NULL, NULL, NULL, NULL, NULL, '2016-12-14 06:49:33'),
(114, 'test Address', 'test Zip', 'test City', 'test State', NULL, NULL, '2016-12-21 12:51:17'),
(115, 'Road#2, Gulshan-1', '1212', 'Dhaka', 'Dhaka', NULL, NULL, '2016-12-22 13:23:19'),
(116, '123', '1216', 'Dhaka', 'Dhaka', NULL, NULL, '2016-12-24 06:26:39'),
(117, '123123101230', 'ASDSA', '1231231', 'ASAS', NULL, NULL, '2016-12-24 10:04:04'),
(119, 'dhaka', '1212', 'Dhaka', 'dhaka', NULL, NULL, '2016-12-25 09:48:12'),
(120, 'dhaka', '1213', 'dhaka', 'dhaka', NULL, NULL, '2016-12-25 16:43:05'),
(121, 'Mirpir-1', '1216', 'Dhaka', 'Sasdak', NULL, NULL, '2016-12-26 17:10:23'),
(122, 'TestAddress', '1207', 'city', 'state', NULL, NULL, '2016-12-27 12:50:46'),
(123, '+008888764443321', '11000', 'Dhaka', 'Dhaka', NULL, NULL, '2016-12-28 13:02:40'),
(124, 'asadasd asdasdo ', '123123', 'asdas', 'sadasd', NULL, NULL, '2016-12-29 08:09:15'),
(125, NULL, NULL, NULL, NULL, NULL, NULL, '2016-12-29 08:11:43'),
(126, 'house 16 road 14 nikunja2 dhaka, 447 85ass errq', '11000', 'Dhaka', 'Dhaka', NULL, NULL, '2017-01-20 13:48:28'),
(127, 'house 16 road 14 nikunja2 dhaka, 447 85ass errq', '11000', 'Dhaka', 'Dhaka', NULL, NULL, '2017-01-20 14:03:05'),
(128, 'house 16 road 14 nikunja2 dhaka, 447 85ass errq', '11000', 'Dhaka', 'Dhaka', NULL, NULL, '2017-01-20 14:05:03'),
(130, 'Dhaka, Bangladesh', '1219', 'Dhaka', 'Dhaka', NULL, NULL, '2017-01-20 16:10:04'),
(131, 'Dhaka, bangladesh', '1230', 'Dhaka', 'uttara', NULL, NULL, '2017-04-03 11:17:07'),
(132, NULL, NULL, NULL, NULL, NULL, NULL, '2017-04-10 12:52:59'),
(133, '', '', '', '', NULL, NULL, '2017-04-21 08:00:30'),
(134, NULL, NULL, NULL, NULL, NULL, NULL, '2017-07-15 07:30:06');

-- --------------------------------------------------------

--
-- Table structure for table `user_inf`
--

CREATE TABLE `user_inf` (
  `id` int(11) NOT NULL,
  `user_address_id` int(11) DEFAULT NULL,
  `identity_type_id` int(11) NOT NULL,
  `first_name` varchar(500) NOT NULL,
  `last_name` varchar(500) NOT NULL,
  `phone_number` varchar(100) NOT NULL,
  `gender` varchar(100) NOT NULL,
  `profile_pic` text,
  `identity_doc_path` text,
  `created_date` timestamp NOT NULL DEFAULT CURRENT_TIMESTAMP ON UPDATE CURRENT_TIMESTAMP
) ENGINE=InnoDB DEFAULT CHARSET=latin1;

--
-- Dumping data for table `user_inf`
--

INSERT INTO `user_inf` (`id`, `user_address_id`, `identity_type_id`, `first_name`, `last_name`, `phone_number`, `gender`, `profile_pic`, `identity_doc_path`, `created_date`) VALUES
(33, 19, 1, 'Mausum', 'N', '', 'male', '{"original":{"path":"32/4999332773575341.JPG","type":"","size":{"width":3000,"height":2002}},"thumb":[]}', 'identityDoc/41/183824984841829.png', '2017-01-19 05:41:41'),
(34, 20, 1, 'Taiful', 'Islam', '', 'male', NULL, 'identityDoc/41/183824984841829.png', '2017-01-19 05:41:41'),
(35, 21, 1, 'developer', 'wsit', '', 'male', NULL, 'identityDoc/34/14499115145635.jpg', '2017-01-19 05:41:41'),
(36, 22, 1, 'Main', 'Developer', '', 'male', 'null', 'identityDoc/41/183824984841829.png', '2017-01-19 05:41:41'),
(37, 23, 1, 'Mausum', 'Nandy', '', 'male', NULL, 'identityDoc/41/183824984841829.png', '2017-01-19 05:41:41'),
(38, 24, 1, 'fayme', 'Pauli', '', 'male', NULL, 'identityDoc/41/183824984841829.png', '2017-01-19 05:41:41'),
(39, 25, 2, 'fa', 'y me', '', 'male', NULL, 'identityDoc/38/25894182279794.docx', '2017-01-19 05:41:41'),
(40, 26, 1, 'Eula', 'mi', '', 'male', NULL, 'identityDoc/39/107599087323782.jpg', '2017-01-19 05:41:41'),
(41, 32, 1, 'Eula', 'mi', '', 'male', NULL, 'identityDoc/40/108377299035705.jpg', '2017-01-19 05:41:41'),
(42, 36, 1, 'John', 'Wich', '', 'male', NULL, 'identityDoc/41/183824984841829.png', '2017-01-19 05:41:41'),
(43, 37, 1, 'zakariya', 'naseef', '', 'male', '{"original":{"path":"42/27247497551901.jpg","type":"","size":{"width":258,"height":195}},"thumb":[]}', 'identityDoc/42/257149944973839.jpeg', '2017-01-19 05:41:41'),
(44, 38, 1, 'zakariya', 'naseef', '', 'male', NULL, 'identityDoc/43/259159874924089.jpeg', '2017-01-19 05:41:41'),
(45, 39, 1, 'zakariya', 'naseef', '', 'male', NULL, 'identityDoc/44/259607517063785.jpg', '2017-01-19 05:41:41'),
(46, 40, 1, 'Rhea', 'Sen', '', 'male', NULL, 'identityDoc/45/283496124635495.docx', '2017-01-19 05:41:41'),
(47, 41, 1, 'Taiful', 'Pagla', '', 'male', '{"original":{"path":"46/3356306184876675.JPG","type":"","size":{"width":3264,"height":2448}},"thumb":[]}', 'identityDoc/46/711347041519431.JPG', '2017-01-19 05:41:41'),
(48, 42, 2, 'Abhijit', 'Bhowmik', '', 'male', NULL, 'identityDoc/47/718614308693683.doc', '2017-01-19 05:41:41'),
(49, 43, 2, 'kashif', 'khan', '', 'male', NULL, 'identityDoc/48/723539988647511.jpg', '2017-01-19 05:41:41'),
(50, 44, 1, 'Test', 'User', '', 'male', NULL, 'identityDoc/49/18251546936126.pdf', '2017-01-19 05:41:41'),
(51, 45, 1, 'Upoma', 'Sen', '', 'male', '{"original":{"path":"50/335980907006686.jpg","type":"","size":{"width":634,"height":511}},"thumb":[]}', 'identityDoc/50/25423271393931.docx', '2017-01-19 05:41:41'),
(52, 46, 1, 'Mili', 'Yeasmin', '', 'male', 'null', 'identityDoc/51/174027360285692.jpg', '2017-01-19 05:41:41'),
(53, 47, 1, 'Tommy', 'Hillfigure', '', 'male', NULL, 'identityDoc/52/174091748193228.PNG', '2017-01-19 05:41:41'),
(54, 48, 1, 'Subha', 'Hemil', '', 'male', NULL, 'identityDoc/53/263551587982312.jpg', '2017-01-19 05:41:41'),
(55, 49, 2, 'Harshalee', 'Dipa', '', 'male', '{"original":{"path":"","type":"","size":{"width":0,"height":0}},"thumb":[]}', 'identityDoc/54/359788554874122.jpg', '2017-01-19 05:41:41'),
(56, 50, 1, 'Maieedul', 'Islam', '', 'male', '{"original":{"path":"55/714362.jpg","type":"","size":{"width":720,"height":720}},"thumb":[]}', '', '2017-01-19 05:41:41'),
(57, 51, 2, 'Mehedi', 'Hasan', '', 'male', '{"original":{"path":"","type":"","size":{"width":0,"height":0}},"thumb":[]}', 'identityDoc/56/118123928359654.srt', '2017-01-19 05:41:41'),
(58, 52, 2, 'Lisa', 'Marlyn', '', 'male', '{"original":{"path":"57/246011723723229.jpg","type":"","size":{"width":265,"height":265}},"thumb":[]}', 'identityDoc/57/172553472628114.jpg', '2017-01-19 05:41:41'),
(59, 53, 1, 'Dev', 'Workspace', '', 'male', '{"original":{"path":"58/248497.jpg","type":"","size":{"width":320,"height":480}},"thumb":[]}', '', '2017-01-19 05:41:41'),
(60, 54, 1, 'Moin', 'Ahmed', '', 'male', '{"original":{"path":"59/896177.jpg","type":"","size":{"width":832,"height":720}},"thumb":[]}', '', '2017-01-19 05:41:41'),
(61, 55, 1, 'Wsit', 'Dev', '', 'male', '{"original":{"path":"60/212632.jpg","type":"","size":{"width":375,"height":380}},"thumb":[]}', '', '2017-01-19 05:41:41'),
(62, 56, 1, 'Rio', 'Nikki', '', 'male', '{"original":{"path":"","type":"","size":{"width":0,"height":0}},"thumb":[]}', 'identityDoc/61/332209254050879.pdf', '2017-01-19 05:41:41'),
(63, 57, 2, 'Ajaira', 'Pagol', '', 'male', '{"original":{"path":"","type":"","size":{"width":0,"height":0}},"thumb":[]}', 'identityDoc/62/348457734030536.jpg', '2017-01-19 05:41:41'),
(64, 58, 2, 'Tahmina', 'Akter', '', 'male', '{"original":{"path":"","type":"","size":{"width":0,"height":0}},"thumb":[]}', 'identityDoc/63/348959467211083.jpg', '2017-01-19 05:41:41'),
(65, 59, 2, 'Anika', 'Rahman', '', 'male', '{"original":{"path":"","type":"","size":{"width":0,"height":0}},"thumb":[]}', 'identityDoc/64/351387871681290.jpg', '2017-01-19 05:41:41'),
(66, 60, 1, 'Fayme', 'Shahriar', '', 'male', '{"original":{"path":"65/199562.jpg","type":"","size":{"width":720,"height":720}},"thumb":[]}', '', '2017-01-19 05:41:41'),
(67, 61, 1, 'zakariya', 'naseef', '', 'male', 'null', '', '2017-01-19 05:41:41'),
(68, 62, 1, 'Shaydul', 'Alam', '', 'male', '{"original":{"path":"","type":"","size":{"width":0,"height":0}},"thumb":[]}', 'identityDoc/67/7244134837955.pdf', '2017-01-19 05:41:41'),
(69, 63, 1, 'Ovi', 'Bhowmik', '', 'male', '{"original":{"path":"68/104270.jpg","type":"","size":{"width":512,"height":512}},"thumb":[]}', '', '2017-01-19 05:41:41'),
(70, 64, 1, 'Tahmina', 'Akter', '', 'male', 'null', '', '2017-01-19 05:41:41'),
(71, 65, 2, 'Papry', 'Y', '', 'male', '{"original":{"path":"70/313539442129492.jpg","type":"","size":{"width":265,"height":265}},"thumb":[]}', 'identityDoc/70/312000931984648.jpg', '2017-01-19 05:41:41'),
(72, 66, 2, 'Helen', 'Kant', '', 'male', '{"original":{"path":"71/3437917474113823.jpg","type":"","size":{"width":225,"height":300}},"thumb":[]}', 'identityDoc/71/314502227443155.pdf', '2017-01-19 05:41:41'),
(73, 67, 2, 'Matin', 'Rahman', '', 'male', '{"original":{"path":"","type":"","size":{"width":0,"height":0}},"thumb":[]}', 'identityDoc/72/495966675750952.jpg', '2017-01-19 05:41:41'),
(74, 68, 1, 'Anika', 'Chawdhury', '', 'male', '{"original":{"path":"73/3181752316251813.jpg","type":"","size":{"width":960,"height":640}},"thumb":[]}', 'identityDoc/73/752879861995100.jpg', '2017-01-19 05:41:41'),
(75, 69, 2, 'Mehedi', 'Hasan', '', 'male', '{"original":{"path":"","type":"","size":{"width":0,"height":0}},"thumb":[]}', 'identityDoc/74/1801162617254206.jpg', '2017-01-19 05:41:41'),
(76, 70, 2, 'Dark', 'Fire', '', 'male', '{"original":{"path":"","type":"","size":{"width":0,"height":0}},"thumb":[]}', 'identityDoc/75/2123984068537505.png', '2017-01-19 05:41:41'),
(78, 72, 2, 'Siloy', 'Saran', '', 'male', '{"original":{"path":"","type":"","size":{"width":0,"height":0}},"thumb":[]}', 'identityDoc/77/2218750045208954.jpg', '2017-01-19 05:41:41'),
(79, 73, 2, 'Tashfin', 'Imra', '', 'male', '{"original":{"path":"","type":"","size":{"width":0,"height":0}},"thumb":[]}', 'identityDoc/78/2220386520494348.jpg', '2017-01-19 05:41:41'),
(81, 75, 1, 'Wsit', 'sdf', '', 'male', '{"original":{"path":"","type":"","size":{"width":0,"height":0}},"thumb":[]}', 'identityDoc/80/2571599981422808.jpg', '2017-01-19 05:41:41'),
(82, 76, 2, 'Sheha', 'Bil', '', 'male', '{"original":{"path":"","type":"","size":{"width":0,"height":0}},"thumb":[]}', 'identityDoc/81/2651401922269697.jpg', '2017-01-19 05:41:41'),
(83, 77, 1, 'Tahmina', 'Akter', '', 'male', '{"original":{"path":"82/2911.jpg","type":"","size":{"width":400,"height":400}},"thumb":[]}', '', '2017-01-19 05:41:41'),
(84, 78, 2, 'yam', 'gauti', '', 'male', '{"original":{"path":"","type":"","size":{"width":0,"height":0}},"thumb":[]}', 'identityDoc/83/2653555448203284.pdf', '2017-01-19 05:41:41'),
(85, 79, 2, 'tom', 'huge', '', 'male', '{"original":{"path":"","type":"","size":{"width":0,"height":0}},"thumb":[]}', 'identityDoc/84/2654828943570344.png', '2017-01-19 05:41:41'),
(86, 80, 2, 'gthjj', 'gbbhj', '', 'male', '{"original":{"path":"","type":"","size":{"width":0,"height":0}},"thumb":[]}', 'identityDoc/85/2733778295090651.jpg', '2017-01-19 05:41:41'),
(87, 81, 1, 'loll', 'fhhfhf', '', 'male', '{"original":{"path":"","type":"","size":{"width":0,"height":0}},"thumb":[]}', 'identityDoc/86/2734969258542110.JPG', '2017-01-19 05:41:41'),
(88, 82, 1, 'Nuruzzaman', 'Lucky', '', 'male', '{"original":{"path":"87/413575.jpg","type":"","size":{"width":480,"height":720}},"thumb":[]}', '', '2017-01-19 05:41:41'),
(89, 83, 1, 'Chocolate', 'Begum', '', 'male', '{"original":{"path":"","type":"","size":{"width":0,"height":0}},"thumb":[]}', 'identityDoc/88/3163043504075615.jpg', '2017-01-19 05:41:41'),
(90, 84, 1, 'M', 'H', '', 'male', '{"original":{"path":"89/3445495915215806.jpg","type":"","size":{"width":505,"height":630}},"thumb":[]}', 'identityDoc/89/3445407595270667.png', '2017-01-19 05:41:41'),
(91, 85, 1, 'Mehedi', 'Hasan', '', 'male', '{"original":{"path":"90/254650.jpg","type":"","size":{"width":256,"height":256}},"thumb":[]}', '', '2017-01-19 05:41:41'),
(92, 86, 1, 'Mehedi', 'Hasan', '', 'male', '{"original":{"path":"91/3731955633872770.png","type":"","size":{"width":1440,"height":2560}},"thumb":[]}', '', '2017-01-19 05:41:41'),
(93, 87, 1, 'Name', 'name', '', 'male', '{"original":{"path":"","type":"","size":{"width":0,"height":0}},"thumb":[]}', '', '2017-01-19 05:41:41'),
(94, 88, 1, 'Tahmi', 'Na', '', 'male', '{"original":{"path":"","type":"","size":{"width":0,"height":0}},"thumb":[]}', '', '2017-01-19 05:41:41'),
(95, 89, 1, 'Jab', 'Tak', '', 'male', '{"original":{"path":"","type":"","size":{"width":0,"height":0}},"thumb":[]}', '', '2017-01-19 05:41:41'),
(96, 90, 1, 'Tah', 'Mina', '', 'male', '{"original":{"path":"","type":"","size":{"width":0,"height":0}},"thumb":[]}', '', '2017-01-19 05:41:41'),
(97, 91, 1, 'Nissobdo', 'N', '', 'male', 'null', '', '2017-01-19 05:41:41'),
(98, 92, 1, 'Pretty', 'Lady', '', 'male', '{"original":{"path":"","type":"","size":{"width":0,"height":0}},"thumb":[]}', '', '2017-01-19 05:41:41'),
(99, 93, 1, 'Baby', 'Lon', '', 'male', '{"original":{"path":"98/3882271542374873.jpg","type":"","size":{"width":850,"height":315}},"thumb":[]}', '', '2017-01-19 05:41:41'),
(100, 94, 1, 'tomnal', 'TOMAL', '', 'male', '{"original":{"path":"99/7520115390444323.png","type":"","size":{"width":72,"height":72}},"thumb":[]}', '', '2017-01-19 05:41:41'),
(101, 95, 1, 'fgh', 'hhhh', '', 'male', '{"original":{"path":"","type":"","size":{"width":0,"height":0}},"thumb":[]}', '', '2017-01-19 05:41:41'),
(102, 96, 1, 'test', 'test', '', 'male', '{"original":{"path":"","type":"","size":{"width":0,"height":0}},"thumb":[]}', '', '2017-01-19 05:41:41'),
(103, 97, 1, 'moli', 'tina', '', 'male', '{"original":{"path":"","type":"","size":{"width":0,"height":0}},"thumb":[]}', '', '2017-01-19 05:41:41'),
(104, 98, 1, 'faki', 'baj', '', 'male', '{"original":{"path":"","type":"","size":{"width":0,"height":0}},"thumb":[]}', '', '2017-01-19 05:41:41'),
(105, 99, 1, 'Wsit', 'Test', '', 'male', '{"original":{"path":"104/4035913624168077.jpg","type":"","size":{"width":983,"height":960}},"thumb":[]}', '', '2017-01-19 05:41:41'),
(106, 100, 1, 'shaydul', 'alam', '', 'male', '{"original":{"path":"","type":"","size":{"width":0,"height":0}},"thumb":[]}', '', '2017-01-19 05:41:41'),
(107, 101, 1, 'Lee', 'KunKan', '', 'male', '{"original":{"path":"","type":"","size":{"width":0,"height":0}},"thumb":[]}', '', '2017-01-19 05:41:41'),
(108, 102, 1, 'Kashif Ali', 'Khan', '', 'male', '{"original":{"path":"107/494803.jpg","type":"","size":{"width":512,"height":510}},"thumb":[]}', '', '2017-01-19 05:41:41'),
(109, 103, 1, 'mario', 'auriuso', '', 'male', '{"original":{"path":"108/579668048565595.jpg","type":"","size":{"width":1280,"height":960}},"thumb":[]}', '', '2017-01-19 05:41:41'),
(110, 104, 1, 'RentGuru', 'Test', '', 'male', '{"original":{"path":"","type":"","size":{"width":0,"height":0}},"thumb":[]}', '', '2017-01-19 05:41:41'),
(111, 105, 1, 'Panna ', 'Mia', '', 'male', '{"original":{"path":"","type":"","size":{"width":0,"height":0}},"thumb":[]}', '', '2017-01-19 05:41:41'),
(112, 106, 1, 'wxqyr@xww.ro', 'wxqyr@xww.ro', '', 'male', '{"original":{"path":"","type":"","size":{"width":0,"height":0}},"thumb":[]}', '', '2017-01-19 05:41:41'),
(113, 107, 1, 'Shovy', 'Rahman', '', 'male', '{"original":{"path":"112/566255.jpg","type":"","size":{"width":299,"height":299}},"thumb":[]}', '', '2017-01-19 05:41:41'),
(114, 108, 1, 'chad', 'benson', '', 'male', '{"original":{"path":"","type":"","size":{"width":0,"height":0}},"thumb":[]}', '', '2017-01-19 05:41:41'),
(115, 109, 1, 'M', 'L', '', 'male', '{"original":{"path":"","type":"","size":{"width":0,"height":0}},"thumb":[]}', '', '2017-01-19 05:41:41'),
(116, 110, 1, 'solomon', 'fam', '', 'male', '{"original":{"path":"","type":"","size":{"width":0,"height":0}},"thumb":[]}', '', '2017-01-19 05:41:41'),
(117, 111, 1, 'garth', 'von glehn', '', 'male', '{"original":{"path":"","type":"","size":{"width":0,"height":0}},"thumb":[]}', '', '2017-01-19 05:41:41'),
(118, 112, 1, 'Miguel', 'Guzman', '', 'male', '{"original":{"path":"","type":"","size":{"width":0,"height":0}},"thumb":[]}', '', '2017-01-19 05:41:41'),
(119, 113, 1, 'Mehedi', 'Hasan', '', 'male', '{"original":{"path":"","type":"","size":{"width":0,"height":0}},"thumb":[]}', '', '2017-01-19 05:41:41'),
(120, 114, 1, 'test', 'test', '88888888888888888888888888888', 'female', '{"original":{"path":"","type":"","size":{"width":0,"height":0}},"thumb":[]}', '', '2016-12-21 12:51:17'),
(121, 115, 1, 'Khairul', 'Hasan', '8801915471710', 'male', '{"original":{"path":"","type":"","size":{"width":0,"height":0}},"thumb":[]}', '', '2016-12-22 13:23:19'),
(122, 116, 1, 'Khan', 'Ali', '123456', 'male', '{"original":{"path":"","type":"","size":{"width":0,"height":0}},"thumb":[]}', '', '2016-12-24 06:26:39'),
(123, 117, 1, 'Main', 'Hasan', '03012301230', 'male', '{"original":{"path":"","type":"","size":{"width":0,"height":0}},"thumb":[]}', '', '2016-12-24 10:04:04'),
(125, 119, 1, 'farhana', 'jahan', '+8801719321808', 'female', '{"original":{"path":"124/1655641300674189.jpg","type":"","size":{"width":1000,"height":854}},"thumb":[]}', '', '2016-12-25 09:48:12'),
(126, 120, 1, 'jahan', 'jahan', '+8801755625836', 'female', '{"original":{"path":"","type":"","size":{"width":0,"height":0}},"thumb":[]}', '', '2016-12-25 16:43:05'),
(127, 121, 1, 'Mehedi', 'Hasan', '012345678', 'male', '{"original":{"path":"","type":"","size":{"width":0,"height":0}},"thumb":[]}', '', '2016-12-26 17:10:23'),
(128, 122, 1, 'ADWARD', 'SNOWDEN', '+888888888888888888888', 'male', '{"original":{"path":"","type":"","size":{"width":0,"height":0}},"thumb":[]}', '', '2016-12-27 12:50:46'),
(129, 123, 1, 'anioouiq', 'anioouiq', '1819151824', 'male', '{"original":{"path":"","type":"","size":{"width":0,"height":0}},"thumb":[]}', '', '2016-12-28 13:02:40'),
(130, 124, 1, 'She', 'is', '01231231231', 'female', '{"original":{"path":"","type":"","size":{"width":0,"height":0}},"thumb":[]}', '', '2016-12-29 08:09:15'),
(131, 125, 1, 'Mehedi', 'Hasan', '', 'male', 'null', '', '2017-01-19 05:41:41'),
(132, 126, 1, 'Matin', 'Rahman', '1819151824', 'male', '{"original":{"path":"","type":"","size":{"width":0,"height":0}},"thumb":[]}', '', '2017-01-20 13:48:28'),
(133, 127, 1, 'Matin', 'Rahman', '1819151824', 'male', '{"original":{"path":"","type":"","size":{"width":0,"height":0}},"thumb":[]}', '', '2017-01-20 14:03:05'),
(134, 128, 1, 'Matin', 'Rahman', '1819151824', 'male', '{"original":{"path":"","type":"","size":{"width":0,"height":0}},"thumb":[]}', '', '2017-01-20 14:05:03'),
(136, 130, 1, 'fgdfg', 'dfg', '123456', 'male', '{"original":{"path":"","type":"","size":{"width":0,"height":0}},"thumb":[]}', '', '2017-01-20 16:10:04'),
(137, 131, 1, 'Nusrat', 'Nisha', '01815750510', 'female', '{"original":{"path":"","type":"","size":{"width":0,"height":0}},"thumb":[]}', '', '2017-04-03 11:17:07'),
(138, 132, 1, 'Amir', 'Rana', '', '', '{"original":{"path":"137/601137.jpg","type":"","size":{"width":721,"height":720}},"thumb":[]}', '', '2017-04-10 12:52:59'),
(139, 133, 1, 'sdf', 'sdf', '', '', '{"original":{"path":"","type":"","size":{"width":0,"height":0}},"thumb":[]}', '', '2017-04-21 08:00:30'),
(140, 134, 1, 'Tauhid', 'ASarker', '', '', '{"original":{"path":"139/745641.jpg","type":"","size":{"width":324,"height":324}},"thumb":[]}', '', '2017-07-15 07:30:06');

-- --------------------------------------------------------

--
-- Table structure for table `user_paypal_credential`
--

CREATE TABLE `user_paypal_credential` (
  `id` int(11) NOT NULL,
  `app_credential_id` int(11) NOT NULL,
  `email` varchar(100) NOT NULL,
  `created_date` timestamp NOT NULL DEFAULT CURRENT_TIMESTAMP ON UPDATE CURRENT_TIMESTAMP
) ENGINE=InnoDB DEFAULT CHARSET=latin1;

--
-- Dumping data for table `user_paypal_credential`
--

INSERT INTO `user_paypal_credential` (`id`, `app_credential_id`, `email`, `created_date`) VALUES
(4, 32, 'tahsin_1356501324_per@gmail.com', '2016-09-27 10:17:24'),
(5, 60, 'tahsin_1356501324_per@gmail.com', '2016-09-27 10:24:15'),
(6, 57, 'tahsin_1356501324_per@gmail.com', '2016-09-28 07:35:51'),
(7, 50, 'tahsin_1356501324_per@gmail.com', '2016-09-28 09:23:24'),
(8, 72, 'matinu@gmail.com', '2016-09-30 08:12:03'),
(9, 35, 'tahsin_1356501324_per@gmail.com', '2016-10-03 07:40:09'),
(10, 73, 'tahsin_1356501324_per@gmail.com', '2016-10-03 09:21:02'),
(11, 71, 'tahsin_1356501324_per@gmail.com', '2016-10-04 05:52:50'),
(12, 74, 'cmehedi@polyfaust.com', '2016-10-15 10:46:06'),
(13, 39, 'tahsin_1356501324_per@gmail.com', '2016-10-24 11:12:27'),
(14, 46, 'mouse@trap.com', '2016-11-02 10:39:00'),
(15, 89, 'notrokat@yroid.com', '2016-11-03 11:32:28'),
(16, 93, 'tahsin_1356501324_per@gmail.com', '2016-11-07 06:22:54'),
(17, 98, 'tahsin_1356501324_per@gmail.com', '2016-11-08 12:44:36'),
(18, 63, 'tahsin_1356501324_per@gmail.com', '2016-11-10 07:45:08'),
(19, 104, 'tahsin_1356501324_per@gmail.com', '2016-11-11 06:03:52'),
(20, 99, 'yc@v.com', '2016-11-15 04:47:44'),
(21, 111, 'wxqyr@xww.ro', '2016-11-30 06:10:18'),
(22, 114, 'kuhivehip@dr69.site', '2016-12-06 10:58:01'),
(23, 118, 'xilon@stromox.com', '2016-12-14 07:05:23'),
(24, 109, 'wxqyr@xww.ro', '2016-12-15 20:00:00'),
(25, 124, 'sounds.nothing@gmail.com', '2016-12-25 10:21:14'),
(26, 126, 'katukuduv@dr69.site', '2016-12-26 17:19:40');

--
-- Indexes for dumped tables
--

--
-- Indexes for table `activation`
--
ALTER TABLE `activation`
  ADD PRIMARY KEY (`id`),
  ADD KEY `activation_app_login_credential` (`app_login_credential_id`);

--
-- Indexes for table `admin_cms_page`
--
ALTER TABLE `admin_cms_page`
  ADD PRIMARY KEY (`id`);

--
-- Indexes for table `admin_global_notification`
--
ALTER TABLE `admin_global_notification`
  ADD PRIMARY KEY (`id`),
  ADD KEY `read_by` (`read_by`),
  ADD KEY `rent_inf_id` (`rent_inf_id`),
  ADD KEY `template_id` (`template_id`);

--
-- Indexes for table `admin_global_notification_template`
--
ALTER TABLE `admin_global_notification_template`
  ADD PRIMARY KEY (`id`),
  ADD UNIQUE KEY `type` (`type`);

--
-- Indexes for table `admin_paypal_credential`
--
ALTER TABLE `admin_paypal_credential`
  ADD PRIMARY KEY (`id`);

--
-- Indexes for table `admin_site_fees`
--
ALTER TABLE `admin_site_fees`
  ADD PRIMARY KEY (`id`);

--
-- Indexes for table `admin_unread_alert_count`
--
ALTER TABLE `admin_unread_alert_count`
  ADD PRIMARY KEY (`id`);

--
-- Indexes for table `app_login_credential`
--
ALTER TABLE `app_login_credential`
  ADD PRIMARY KEY (`id`),
  ADD KEY `app_credential_unser_inf_id` (`user_inf_id`);

--
-- Indexes for table `attributes`
--
ALTER TABLE `attributes`
  ADD PRIMARY KEY (`id`),
  ADD KEY `attributes_app_login_credential` (`created_by`);

--
-- Indexes for table `attribute_values`
--
ALTER TABLE `attribute_values`
  ADD PRIMARY KEY (`id`),
  ADD KEY `attribute_values_app_login_credential` (`created_by`),
  ADD KEY `attribute_values_attributes` (`attributes_id`);

--
-- Indexes for table `banner_image`
--
ALTER TABLE `banner_image`
  ADD PRIMARY KEY (`id`);

--
-- Indexes for table `category`
--
ALTER TABLE `category`
  ADD PRIMARY KEY (`id`),
  ADD KEY `category_app_login_credential` (`created_by`),
  ADD KEY `category_category` (`parent_id`);

--
-- Indexes for table `cities`
--
ALTER TABLE `cities`
  ADD PRIMARY KEY (`id`);

--
-- Indexes for table `cron_last_executed`
--
ALTER TABLE `cron_last_executed`
  ADD PRIMARY KEY (`id`);

--
-- Indexes for table `cron_log`
--
ALTER TABLE `cron_log`
  ADD PRIMARY KEY (`id`);

--
-- Indexes for table `developer_exception_log`
--
ALTER TABLE `developer_exception_log`
  ADD PRIMARY KEY (`id`);

--
-- Indexes for table `email_confirmation`
--
ALTER TABLE `email_confirmation`
  ADD PRIMARY KEY (`id`),
  ADD UNIQUE KEY `app_credential_id_2` (`app_credential_id`),
  ADD KEY `app_credential_id` (`app_credential_id`);

--
-- Indexes for table `identity_type`
--
ALTER TABLE `identity_type`
  ADD PRIMARY KEY (`id`);

--
-- Indexes for table `password_resets`
--
ALTER TABLE `password_resets`
  ADD PRIMARY KEY (`id`),
  ADD KEY `app` (`app_credential_id`);

--
-- Indexes for table `payment_refund`
--
ALTER TABLE `payment_refund`
  ADD PRIMARY KEY (`id`),
  ADD KEY `app_credential_id` (`app_credential_id`),
  ADD KEY `payment_id` (`payment_id`);

--
-- Indexes for table `payout`
--
ALTER TABLE `payout`
  ADD PRIMARY KEY (`id`),
  ADD KEY `app_credential_id` (`app_credential_id`),
  ADD KEY `rent_inf_id` (`rent_inf_id`);

--
-- Indexes for table `product`
--
ALTER TABLE `product`
  ADD PRIMARY KEY (`id`),
  ADD KEY `product_app_login_credential` (`owner_id`);

--
-- Indexes for table `product_attribute`
--
ALTER TABLE `product_attribute`
  ADD PRIMARY KEY (`id`),
  ADD KEY `product_attribute_attribute_values` (`attribute_values_id`),
  ADD KEY `product_attribute_product` (`product_id`);

--
-- Indexes for table `product_availability`
--
ALTER TABLE `product_availability`
  ADD PRIMARY KEY (`id`),
  ADD KEY `product_id` (`product_id`);

--
-- Indexes for table `product_category`
--
ALTER TABLE `product_category`
  ADD PRIMARY KEY (`id`),
  ADD KEY `product_category_category` (`category_id`),
  ADD KEY `product_category_product` (`product_id`);

--
-- Indexes for table `product_liked`
--
ALTER TABLE `product_liked`
  ADD PRIMARY KEY (`id`),
  ADD KEY `app_credential_id` (`app_credential_id`),
  ADD KEY `product_id` (`product_id`);

--
-- Indexes for table `product_location`
--
ALTER TABLE `product_location`
  ADD PRIMARY KEY (`id`),
  ADD KEY `product_id` (`product_id`),
  ADD KEY `city_id` (`city_id`);

--
-- Indexes for table `product_rating`
--
ALTER TABLE `product_rating`
  ADD PRIMARY KEY (`id`),
  ADD KEY `app_credential_id` (`app_credential_id`),
  ADD KEY `product_id` (`product_id`),
  ADD KEY `rent_inf_id` (`rent_inf_id`),
  ADD KEY `rent_request_id` (`rent_request_id`);

--
-- Indexes for table `rental_product_returned`
--
ALTER TABLE `rental_product_returned`
  ADD PRIMARY KEY (`id`),
  ADD KEY `rent_product_id_2` (`rent_inf_id`);

--
-- Indexes for table `rental_product_returned_history`
--
ALTER TABLE `rental_product_returned_history`
  ADD PRIMARY KEY (`id`),
  ADD KEY `product_returned_id` (`product_returned_id`),
  ADD KEY `product_returned_id_2` (`product_returned_id`);

--
-- Indexes for table `rental_product_return_request`
--
ALTER TABLE `rental_product_return_request`
  ADD PRIMARY KEY (`id`),
  ADD KEY `product_id` (`product_id`,`rent_inf_id`),
  ADD KEY `rent_product_id` (`rent_inf_id`);

--
-- Indexes for table `rent_inf`
--
ALTER TABLE `rent_inf`
  ADD PRIMARY KEY (`id`),
  ADD KEY `rent_request_id` (`rent_request_id`),
  ADD KEY `product_id` (`product_id`),
  ADD KEY `rentee_id` (`rentee_id`);

--
-- Indexes for table `rent_payment`
--
ALTER TABLE `rent_payment`
  ADD PRIMARY KEY (`id`),
  ADD KEY `app_credential_id` (`app_credential_id`),
  ADD KEY `rent_inf_id` (`rent_inf_id`),
  ADD KEY `rent_request_id` (`rent_request_id`);

--
-- Indexes for table `rent_request`
--
ALTER TABLE `rent_request`
  ADD PRIMARY KEY (`id`),
  ADD KEY `rent_request_app_login_credential` (`requested_by`),
  ADD KEY `rent_request_product` (`product_id`),
  ADD KEY `rent_request_rent_request` (`request_id`);

--
-- Indexes for table `rent_type`
--
ALTER TABLE `rent_type`
  ADD PRIMARY KEY (`id`);

--
-- Indexes for table `state`
--
ALTER TABLE `state`
  ADD PRIMARY KEY (`id`);

--
-- Indexes for table `temp_file`
--
ALTER TABLE `temp_file`
  ADD PRIMARY KEY (`id`);

--
-- Indexes for table `transaction`
--
ALTER TABLE `transaction`
  ADD PRIMARY KEY (`id`),
  ADD KEY `app_credential_id` (`app_credential_id`),
  ADD KEY `payment_id` (`payment_id`),
  ADD KEY `refund_id` (`refund_id`),
  ADD KEY `payout_id` (`payout_id`);

--
-- Indexes for table `user_address`
--
ALTER TABLE `user_address`
  ADD PRIMARY KEY (`id`);

--
-- Indexes for table `user_inf`
--
ALTER TABLE `user_inf`
  ADD PRIMARY KEY (`id`),
  ADD KEY `identity_type` (`identity_type_id`),
  ADD KEY `user_inf_user_address` (`user_address_id`);

--
-- Indexes for table `user_paypal_credential`
--
ALTER TABLE `user_paypal_credential`
  ADD PRIMARY KEY (`id`),
  ADD UNIQUE KEY `app_credential_id` (`app_credential_id`);

--
-- AUTO_INCREMENT for dumped tables
--

--
-- AUTO_INCREMENT for table `activation`
--
ALTER TABLE `activation`
  MODIFY `id` int(11) NOT NULL AUTO_INCREMENT;
--
-- AUTO_INCREMENT for table `admin_cms_page`
--
ALTER TABLE `admin_cms_page`
  MODIFY `id` int(11) NOT NULL AUTO_INCREMENT, AUTO_INCREMENT=18;
--
-- AUTO_INCREMENT for table `admin_global_notification`
--
ALTER TABLE `admin_global_notification`
  MODIFY `id` int(11) NOT NULL AUTO_INCREMENT, AUTO_INCREMENT=7;
--
-- AUTO_INCREMENT for table `admin_global_notification_template`
--
ALTER TABLE `admin_global_notification_template`
  MODIFY `id` int(11) NOT NULL AUTO_INCREMENT, AUTO_INCREMENT=2;
--
-- AUTO_INCREMENT for table `admin_paypal_credential`
--
ALTER TABLE `admin_paypal_credential`
  MODIFY `id` int(11) NOT NULL AUTO_INCREMENT, AUTO_INCREMENT=2;
--
-- AUTO_INCREMENT for table `admin_site_fees`
--
ALTER TABLE `admin_site_fees`
  MODIFY `id` int(11) NOT NULL AUTO_INCREMENT, AUTO_INCREMENT=2;
--
-- AUTO_INCREMENT for table `admin_unread_alert_count`
--
ALTER TABLE `admin_unread_alert_count`
  MODIFY `id` int(11) NOT NULL AUTO_INCREMENT, AUTO_INCREMENT=2;
--
-- AUTO_INCREMENT for table `app_login_credential`
--
ALTER TABLE `app_login_credential`
  MODIFY `id` int(11) NOT NULL AUTO_INCREMENT, AUTO_INCREMENT=140;
--
-- AUTO_INCREMENT for table `attributes`
--
ALTER TABLE `attributes`
  MODIFY `id` int(11) NOT NULL AUTO_INCREMENT;
--
-- AUTO_INCREMENT for table `attribute_values`
--
ALTER TABLE `attribute_values`
  MODIFY `id` int(11) NOT NULL AUTO_INCREMENT;
--
-- AUTO_INCREMENT for table `banner_image`
--
ALTER TABLE `banner_image`
  MODIFY `id` int(11) NOT NULL AUTO_INCREMENT, AUTO_INCREMENT=12;
--
-- AUTO_INCREMENT for table `category`
--
ALTER TABLE `category`
  MODIFY `id` int(11) NOT NULL AUTO_INCREMENT, AUTO_INCREMENT=101;
--
-- AUTO_INCREMENT for table `cities`
--
ALTER TABLE `cities`
  MODIFY `id` int(11) NOT NULL AUTO_INCREMENT, AUTO_INCREMENT=17;
--
-- AUTO_INCREMENT for table `cron_last_executed`
--
ALTER TABLE `cron_last_executed`
  MODIFY `id` int(11) NOT NULL AUTO_INCREMENT, AUTO_INCREMENT=2;
--
-- AUTO_INCREMENT for table `cron_log`
--
ALTER TABLE `cron_log`
  MODIFY `id` int(11) NOT NULL AUTO_INCREMENT, AUTO_INCREMENT=1127;
--
-- AUTO_INCREMENT for table `developer_exception_log`
--
ALTER TABLE `developer_exception_log`
  MODIFY `id` int(11) NOT NULL AUTO_INCREMENT;
--
-- AUTO_INCREMENT for table `email_confirmation`
--
ALTER TABLE `email_confirmation`
  MODIFY `id` int(11) NOT NULL AUTO_INCREMENT, AUTO_INCREMENT=62;
--
-- AUTO_INCREMENT for table `identity_type`
--
ALTER TABLE `identity_type`
  MODIFY `id` int(11) NOT NULL AUTO_INCREMENT, AUTO_INCREMENT=3;
--
-- AUTO_INCREMENT for table `password_resets`
--
ALTER TABLE `password_resets`
  MODIFY `id` int(11) NOT NULL AUTO_INCREMENT, AUTO_INCREMENT=23;
--
-- AUTO_INCREMENT for table `payment_refund`
--
ALTER TABLE `payment_refund`
  MODIFY `id` bigint(11) NOT NULL AUTO_INCREMENT, AUTO_INCREMENT=47;
--
-- AUTO_INCREMENT for table `payout`
--
ALTER TABLE `payout`
  MODIFY `id` bigint(11) NOT NULL AUTO_INCREMENT, AUTO_INCREMENT=19;
--
-- AUTO_INCREMENT for table `product`
--
ALTER TABLE `product`
  MODIFY `id` int(11) NOT NULL AUTO_INCREMENT, AUTO_INCREMENT=135;
--
-- AUTO_INCREMENT for table `product_attribute`
--
ALTER TABLE `product_attribute`
  MODIFY `id` int(11) NOT NULL AUTO_INCREMENT;
--
-- AUTO_INCREMENT for table `product_availability`
--
ALTER TABLE `product_availability`
  MODIFY `id` int(11) NOT NULL AUTO_INCREMENT;
--
-- AUTO_INCREMENT for table `product_category`
--
ALTER TABLE `product_category`
  MODIFY `id` int(11) NOT NULL AUTO_INCREMENT, AUTO_INCREMENT=190;
--
-- AUTO_INCREMENT for table `product_liked`
--
ALTER TABLE `product_liked`
  MODIFY `id` int(11) NOT NULL AUTO_INCREMENT;
--
-- AUTO_INCREMENT for table `product_location`
--
ALTER TABLE `product_location`
  MODIFY `id` int(11) NOT NULL AUTO_INCREMENT, AUTO_INCREMENT=125;
--
-- AUTO_INCREMENT for table `product_rating`
--
ALTER TABLE `product_rating`
  MODIFY `id` int(11) NOT NULL AUTO_INCREMENT, AUTO_INCREMENT=54;
--
-- AUTO_INCREMENT for table `rental_product_returned`
--
ALTER TABLE `rental_product_returned`
  MODIFY `id` int(11) NOT NULL AUTO_INCREMENT, AUTO_INCREMENT=26;
--
-- AUTO_INCREMENT for table `rental_product_returned_history`
--
ALTER TABLE `rental_product_returned_history`
  MODIFY `id` int(11) NOT NULL AUTO_INCREMENT, AUTO_INCREMENT=21;
--
-- AUTO_INCREMENT for table `rental_product_return_request`
--
ALTER TABLE `rental_product_return_request`
  MODIFY `id` int(11) NOT NULL AUTO_INCREMENT, AUTO_INCREMENT=17;
--
-- AUTO_INCREMENT for table `rent_inf`
--
ALTER TABLE `rent_inf`
  MODIFY `id` int(11) NOT NULL AUTO_INCREMENT, AUTO_INCREMENT=57;
--
-- AUTO_INCREMENT for table `rent_payment`
--
ALTER TABLE `rent_payment`
  MODIFY `id` bigint(11) NOT NULL AUTO_INCREMENT, AUTO_INCREMENT=97;
--
-- AUTO_INCREMENT for table `rent_request`
--
ALTER TABLE `rent_request`
  MODIFY `id` int(11) NOT NULL AUTO_INCREMENT, AUTO_INCREMENT=227;
--
-- AUTO_INCREMENT for table `rent_type`
--
ALTER TABLE `rent_type`
  MODIFY `id` int(11) NOT NULL AUTO_INCREMENT, AUTO_INCREMENT=5;
--
-- AUTO_INCREMENT for table `state`
--
ALTER TABLE `state`
  MODIFY `id` int(11) NOT NULL AUTO_INCREMENT, AUTO_INCREMENT=53;
--
-- AUTO_INCREMENT for table `temp_file`
--
ALTER TABLE `temp_file`
  MODIFY `id` int(11) NOT NULL AUTO_INCREMENT, AUTO_INCREMENT=215;
--
-- AUTO_INCREMENT for table `transaction`
--
ALTER TABLE `transaction`
  MODIFY `id` bigint(11) NOT NULL AUTO_INCREMENT;
--
-- AUTO_INCREMENT for table `user_address`
--
ALTER TABLE `user_address`
  MODIFY `id` int(11) NOT NULL AUTO_INCREMENT, AUTO_INCREMENT=135;
--
-- AUTO_INCREMENT for table `user_inf`
--
ALTER TABLE `user_inf`
  MODIFY `id` int(11) NOT NULL AUTO_INCREMENT, AUTO_INCREMENT=141;
--
-- AUTO_INCREMENT for table `user_paypal_credential`
--
ALTER TABLE `user_paypal_credential`
  MODIFY `id` int(11) NOT NULL AUTO_INCREMENT, AUTO_INCREMENT=27;
--
-- Constraints for dumped tables
--

--
-- Constraints for table `activation`
--
ALTER TABLE `activation`
  ADD CONSTRAINT `activation_app_login_credential` FOREIGN KEY (`app_login_credential_id`) REFERENCES `app_login_credential` (`id`);

--
-- Constraints for table `admin_global_notification`
--
ALTER TABLE `admin_global_notification`
  ADD CONSTRAINT `: admin_global_notification_template_id` FOREIGN KEY (`template_id`) REFERENCES `admin_global_notification_template` (`id`) ON DELETE NO ACTION ON UPDATE NO ACTION,
  ADD CONSTRAINT `admin_global_notification_read_by` FOREIGN KEY (`read_by`) REFERENCES `app_login_credential` (`id`) ON DELETE NO ACTION ON UPDATE NO ACTION,
  ADD CONSTRAINT `admin_global_notification_rent_inf_id` FOREIGN KEY (`rent_inf_id`) REFERENCES `rent_inf` (`id`) ON DELETE NO ACTION ON UPDATE NO ACTION;

--
-- Constraints for table `app_login_credential`
--
ALTER TABLE `app_login_credential`
  ADD CONSTRAINT `app_credential_unser_inf_id` FOREIGN KEY (`user_inf_id`) REFERENCES `user_inf` (`id`) ON DELETE CASCADE ON UPDATE CASCADE;

--
-- Constraints for table `attributes`
--
ALTER TABLE `attributes`
  ADD CONSTRAINT `attributes_app_login_credential` FOREIGN KEY (`created_by`) REFERENCES `app_login_credential` (`id`);

--
-- Constraints for table `attribute_values`
--
ALTER TABLE `attribute_values`
  ADD CONSTRAINT `attribute_values_app_login_credential` FOREIGN KEY (`created_by`) REFERENCES `app_login_credential` (`id`),
  ADD CONSTRAINT `attribute_values_attributes` FOREIGN KEY (`attributes_id`) REFERENCES `attributes` (`id`);

--
-- Constraints for table `category`
--
ALTER TABLE `category`
  ADD CONSTRAINT `category_category` FOREIGN KEY (`parent_id`) REFERENCES `category` (`id`);

--
-- Constraints for table `email_confirmation`
--
ALTER TABLE `email_confirmation`
  ADD CONSTRAINT `app_login_credential_account_confirmation` FOREIGN KEY (`app_credential_id`) REFERENCES `app_login_credential` (`id`) ON DELETE NO ACTION ON UPDATE NO ACTION;

--
-- Constraints for table `password_resets`
--
ALTER TABLE `password_resets`
  ADD CONSTRAINT `password_reset_app_credential_id` FOREIGN KEY (`app_credential_id`) REFERENCES `app_login_credential` (`id`) ON DELETE NO ACTION ON UPDATE NO ACTION;

--
-- Constraints for table `payment_refund`
--
ALTER TABLE `payment_refund`
  ADD CONSTRAINT `payment_refund_app_credential_id` FOREIGN KEY (`app_credential_id`) REFERENCES `app_login_credential` (`id`) ON DELETE NO ACTION ON UPDATE NO ACTION,
  ADD CONSTRAINT `payment_refund_payment_id` FOREIGN KEY (`payment_id`) REFERENCES `rent_payment` (`id`) ON DELETE NO ACTION ON UPDATE NO ACTION;

--
-- Constraints for table `payout`
--
ALTER TABLE `payout`
  ADD CONSTRAINT `payout_app_credential_id` FOREIGN KEY (`app_credential_id`) REFERENCES `app_login_credential` (`id`) ON DELETE NO ACTION ON UPDATE NO ACTION,
  ADD CONSTRAINT `rent_inf_id` FOREIGN KEY (`rent_inf_id`) REFERENCES `rent_inf` (`id`) ON DELETE NO ACTION ON UPDATE NO ACTION;

--
-- Constraints for table `product`
--
ALTER TABLE `product`
  ADD CONSTRAINT `product_app_login_credential` FOREIGN KEY (`owner_id`) REFERENCES `app_login_credential` (`id`);

--
-- Constraints for table `product_attribute`
--
ALTER TABLE `product_attribute`
  ADD CONSTRAINT `product_attribute_attribute_values` FOREIGN KEY (`attribute_values_id`) REFERENCES `attribute_values` (`id`),
  ADD CONSTRAINT `product_attribute_product` FOREIGN KEY (`product_id`) REFERENCES `product` (`id`);

--
-- Constraints for table `product_availability`
--
ALTER TABLE `product_availability`
  ADD CONSTRAINT `product_availability_product_id` FOREIGN KEY (`product_id`) REFERENCES `product` (`id`) ON DELETE NO ACTION ON UPDATE NO ACTION;

--
-- Constraints for table `product_category`
--
ALTER TABLE `product_category`
  ADD CONSTRAINT `product_category_category` FOREIGN KEY (`category_id`) REFERENCES `category` (`id`),
  ADD CONSTRAINT `product_category_product` FOREIGN KEY (`product_id`) REFERENCES `product` (`id`);

--
-- Constraints for table `product_liked`
--
ALTER TABLE `product_liked`
  ADD CONSTRAINT `app_login_credential_app_credential_id` FOREIGN KEY (`app_credential_id`) REFERENCES `app_login_credential` (`id`) ON DELETE NO ACTION ON UPDATE NO ACTION,
  ADD CONSTRAINT `product_liked_product_id` FOREIGN KEY (`product_id`) REFERENCES `product` (`id`) ON DELETE NO ACTION ON UPDATE NO ACTION;

--
-- Constraints for table `product_location`
--
ALTER TABLE `product_location`
  ADD CONSTRAINT `product_location_city_id` FOREIGN KEY (`city_id`) REFERENCES `cities` (`id`) ON DELETE SET NULL ON UPDATE SET NULL,
  ADD CONSTRAINT `product_location_product` FOREIGN KEY (`product_id`) REFERENCES `product` (`id`) ON DELETE NO ACTION ON UPDATE NO ACTION;

--
-- Constraints for table `product_rating`
--
ALTER TABLE `product_rating`
  ADD CONSTRAINT ` product_rating_app_credential_id` FOREIGN KEY (`app_credential_id`) REFERENCES `app_login_credential` (`id`) ON DELETE NO ACTION ON UPDATE NO ACTION,
  ADD CONSTRAINT ` product_rating_product_id` FOREIGN KEY (`product_id`) REFERENCES `product` (`id`) ON DELETE NO ACTION ON UPDATE NO ACTION,
  ADD CONSTRAINT `product_rating_rent_inf_id` FOREIGN KEY (`rent_inf_id`) REFERENCES `rent_inf` (`id`) ON DELETE NO ACTION ON UPDATE NO ACTION,
  ADD CONSTRAINT `product_rent_rent_inf_id` FOREIGN KEY (`rent_inf_id`) REFERENCES `rent_inf` (`id`) ON DELETE NO ACTION ON UPDATE NO ACTION,
  ADD CONSTRAINT `product_rent_rent_request_id` FOREIGN KEY (`rent_request_id`) REFERENCES `rent_request` (`id`) ON DELETE NO ACTION ON UPDATE NO ACTION;

--
-- Constraints for table `rental_product_returned`
--
ALTER TABLE `rental_product_returned`
  ADD CONSTRAINT `product_returned_rent_product_id` FOREIGN KEY (`rent_inf_id`) REFERENCES `rent_inf` (`id`) ON DELETE NO ACTION ON UPDATE NO ACTION;

--
-- Constraints for table `rental_product_returned_history`
--
ALTER TABLE `rental_product_returned_history`
  ADD CONSTRAINT `product_returned_history_product_returned_id` FOREIGN KEY (`product_returned_id`) REFERENCES `rental_product_returned` (`id`) ON DELETE NO ACTION ON UPDATE NO ACTION;

--
-- Constraints for table `rental_product_return_request`
--
ALTER TABLE `rental_product_return_request`
  ADD CONSTRAINT `FKq22espjqbg5w5ehhtahrhoyuu` FOREIGN KEY (`rent_inf_id`) REFERENCES `rent_inf` (`id`),
  ADD CONSTRAINT `FKt91udmx9wva0tng2h2tihvjkf` FOREIGN KEY (`product_id`) REFERENCES `product` (`id`),
  ADD CONSTRAINT `request_product_return_productid` FOREIGN KEY (`product_id`) REFERENCES `product` (`id`) ON DELETE NO ACTION ON UPDATE NO ACTION,
  ADD CONSTRAINT `request_product_return_rpid` FOREIGN KEY (`rent_inf_id`) REFERENCES `rent_inf` (`id`) ON DELETE NO ACTION ON UPDATE NO ACTION;

--
-- Constraints for table `rent_inf`
--
ALTER TABLE `rent_inf`
  ADD CONSTRAINT `rent_product_product_id` FOREIGN KEY (`product_id`) REFERENCES `product` (`id`) ON DELETE NO ACTION ON UPDATE NO ACTION,
  ADD CONSTRAINT `rent_product_rent_request` FOREIGN KEY (`rent_request_id`) REFERENCES `rent_request` (`id`) ON DELETE NO ACTION ON UPDATE NO ACTION,
  ADD CONSTRAINT `rent_product_rentee_id` FOREIGN KEY (`rentee_id`) REFERENCES `app_login_credential` (`id`) ON DELETE NO ACTION ON UPDATE NO ACTION;

--
-- Constraints for table `rent_payment`
--
ALTER TABLE `rent_payment`
  ADD CONSTRAINT `rent_payment_app_credential_id` FOREIGN KEY (`app_credential_id`) REFERENCES `app_login_credential` (`id`) ON DELETE NO ACTION ON UPDATE NO ACTION,
  ADD CONSTRAINT `rent_payment_rent_inf_id` FOREIGN KEY (`rent_inf_id`) REFERENCES `rent_inf` (`id`) ON DELETE NO ACTION ON UPDATE NO ACTION,
  ADD CONSTRAINT `rent_payment_rent_request_id` FOREIGN KEY (`rent_request_id`) REFERENCES `rent_request` (`id`) ON DELETE NO ACTION ON UPDATE NO ACTION;

--
-- Constraints for table `rent_request`
--
ALTER TABLE `rent_request`
  ADD CONSTRAINT `rent_request_app_login_credential` FOREIGN KEY (`requested_by`) REFERENCES `app_login_credential` (`id`),
  ADD CONSTRAINT `rent_request_product` FOREIGN KEY (`product_id`) REFERENCES `product` (`id`),
  ADD CONSTRAINT `rent_request_rent_request` FOREIGN KEY (`request_id`) REFERENCES `rent_request` (`id`);

--
-- Constraints for table `transaction`
--
ALTER TABLE `transaction`
  ADD CONSTRAINT `transection_app_credential_id` FOREIGN KEY (`app_credential_id`) REFERENCES `app_login_credential` (`id`) ON DELETE NO ACTION ON UPDATE NO ACTION,
  ADD CONSTRAINT `transection_payment_id` FOREIGN KEY (`payment_id`) REFERENCES `rent_payment` (`id`) ON DELETE NO ACTION ON UPDATE NO ACTION,
  ADD CONSTRAINT `transection_payout_id` FOREIGN KEY (`payout_id`) REFERENCES `payout` (`id`) ON DELETE NO ACTION ON UPDATE NO ACTION,
  ADD CONSTRAINT `transection_refund_id` FOREIGN KEY (`refund_id`) REFERENCES `payment_refund` (`id`) ON DELETE NO ACTION ON UPDATE NO ACTION;

--
-- Constraints for table `user_inf`
--
ALTER TABLE `user_inf`
  ADD CONSTRAINT `user_inf_identity_type` FOREIGN KEY (`identity_type_id`) REFERENCES `identity_type` (`id`) ON DELETE NO ACTION ON UPDATE NO ACTION,
  ADD CONSTRAINT `user_inf_user_address` FOREIGN KEY (`user_address_id`) REFERENCES `user_address` (`id`) ON DELETE CASCADE ON UPDATE CASCADE;

--
-- Constraints for table `user_paypal_credential`
--
ALTER TABLE `user_paypal_credential`
  ADD CONSTRAINT `user_paypal_credential_app_credential_id` FOREIGN KEY (`app_credential_id`) REFERENCES `app_login_credential` (`id`) ON DELETE CASCADE ON UPDATE CASCADE;

/*!40101 SET CHARACTER_SET_CLIENT=@OLD_CHARACTER_SET_CLIENT */;
/*!40101 SET CHARACTER_SET_RESULTS=@OLD_CHARACTER_SET_RESULTS */;
/*!40101 SET COLLATION_CONNECTION=@OLD_COLLATION_CONNECTION */;
